city,population,state_code,state_name,country_code,country_name
Adelaide,1074159,N/A,South Australia,AU,Australia
Armadale,8467,N/A,Victoria,AU,Australia
Armadale,12021,N/A,Western Australia,AU,Australia
Auburn,663,N/A,South Australia,AU,Australia
Belconnen,3057,N/A,Canberra,AU,Australia
Bellevue,1667,N/A,Western Australia,AU,Australia
Belmont,1165,N/A,New South Wales,AU,Australia
Belrose,300,N/A,New South Wales,AU,Australia
Birkenhead,1679,N/A,South Australia,AU,Australia
Botany,7455,N/A,New South Wales,AU,Australia
Brighton,8600,N/A,Queensland,AU,Australia
Brighton,3336,N/A,South Australia,AU,Australia
Brisbane,958504,N/A,Queensland,AU,Australia
Brookfield,3168,N/A,Victoria,AU,Australia
Brunswick,19867,N/A,Victoria,AU,Australia
Burswood,1278,N/A,Western Australia,AU,Australia
Buxton,1698,N/A,New South Wales,AU,Australia
Bywong,784,N/A,New South Wales,AU,Australia
Cambridge,1191,N/A,Tasmania,AU,Australia
Canberra,327700,N/A,Canberra,AU,Australia
Carlton,996,N/A,Tasmania,AU,Australia
Castle Hill,35389,N/A,New South Wales,AU,Australia
Caulfield,4790,N/A,Victoria,AU,Australia
Caversham,2508,N/A,Western Australia,AU,Australia
Charlestown,11725,N/A,New South Wales,AU,Australia
Chatswood,7777,N/A,New South Wales,AU,Australia
Cheltenham,2176,N/A,South Australia,AU,Australia
Chippendale,4066,N/A,New South Wales,AU,Australia
Claremont,7504,N/A,Tasmania,AU,Australia
Claremont,7152,N/A,Western Australia,AU,Australia
Cleveland,13776,N/A,Queensland,AU,Australia
Clovelly,4428,N/A,New South Wales,AU,Australia
Concord,13008,N/A,New South Wales,AU,Australia
Coogee,13179,N/A,New South Wales,AU,Australia
Coogee,4312,N/A,Western Australia,AU,Australia
Cottesloe,7065,N/A,Western Australia,AU,Australia
Cremorne,1817,N/A,New South Wales,AU,Australia
Croydon,9645,N/A,New South Wales,AU,Australia
Darlinghurst,10128,N/A,New South Wales,AU,Australia
Dee Why,17463,N/A,New South Wales,AU,Australia
East Fremantle,6698,N/A,Western Australia,AU,Australia
East Melbourne,4330,N/A,Victoria,AU,Australia
Forest Hill,1939,N/A,New South Wales,AU,Australia
Forest Hill,9315,N/A,Victoria,AU,Australia
Forestville,7803,N/A,New South Wales,AU,Australia
Fortitude Valley,4469,N/A,Queensland,AU,Australia
Fremantle,7459,N/A,Western Australia,AU,Australia
Fullarton,4083,N/A,South Australia,AU,Australia
Fyshwick,54,N/A,Canberra,AU,Australia
Glenorchy,10062,N/A,Tasmania,AU,Australia
Goodwood,1121,N/A,Tasmania,AU,Australia
Gordon,5993,N/A,New South Wales,AU,Australia
Grange,5238,N/A,South Australia,AU,Australia
Greenwich,5053,N/A,New South Wales,AU,Australia
Griffith,15455,N/A,New South Wales,AU,Australia
Guildford,1942,N/A,Western Australia,AU,Australia
Hall,336,N/A,Canberra,AU,Australia
Hawker,363,N/A,South Australia,AU,Australia
Haymarket,4310,N/A,New South Wales,AU,Australia
Hillarys,10160,N/A,Western Australia,AU,Australia
Hindmarsh,127,N/A,South Australia,AU,Australia
Hobart,47700,N/A,Tasmania,AU,Australia
Hope Valley,8223,N/A,South Australia,AU,Australia
Hornsby,18800,N/A,New South Wales,AU,Australia
Ilford,240,N/A,New South Wales,AU,Australia
Inglewood,950,N/A,Queensland,AU,Australia
Kaleen,7586,N/A,Canberra,AU,Australia
Kensington,10847,N/A,New South Wales,AU,Australia
Lane Cove,2201,N/A,New South Wales,AU,Australia
Leichhardt,12247,N/A,New South Wales,AU,Australia
Liverpool,21317,N/A,New South Wales,AU,Australia
Lobethal,2219,N/A,South Australia,AU,Australia
Macclesfield,1469,N/A,South Australia,AU,Australia
Macquarie,2385,N/A,Canberra,AU,Australia
Manly,13950,N/A,New South Wales,AU,Australia
Marrickville,23161,N/A,New South Wales,AU,Australia
Maylands,10447,N/A,Western Australia,AU,Australia
Medindie,343,N/A,South Australia,AU,Australia
Melbourne,3730206,N/A,Victoria,AU,Australia
Melrose,429,N/A,South Australia,AU,Australia
Melville,4822,N/A,Western Australia,AU,Australia
Merrylands,5803,N/A,New South Wales,AU,Australia
Middle Swan,2617,N/A,Western Australia,AU,Australia
Midland,3936,N/A,Western Australia,AU,Australia
Milton,1580,N/A,New South Wales,AU,Australia
Montrose,6465,N/A,Victoria,AU,Australia
Neutral Bay,10276,N/A,New South Wales,AU,Australia
New Brighton,274,N/A,New South Wales,AU,Australia
New Town,5870,N/A,Tasmania,AU,Australia
Newcastle,497955,N/A,New South Wales,AU,Australia
Newtown,13552,N/A,New South Wales,AU,Australia
North Beach,2950,N/A,Western Australia,AU,Australia
North Fremantle,2586,N/A,Western Australia,AU,Australia
North Ryde,17208,N/A,New South Wales,AU,Australia
North Shore,207241,N/A,New South Wales,AU,Australia
Oconnor,275,N/A,Western Australia,AU,Australia
One Tree Hill,1266,N/A,South Australia,AU,Australia
Palmerston,25000,N/A,Northern Territory,AU,Australia
Paradise,6327,N/A,South Australia,AU,Australia
Parkville,718,N/A,New South Wales,AU,Australia
Perth,2238,N/A,Tasmania,AU,Australia
Perth,1446704,N/A,Western Australia,AU,Australia
Port Melbourne,13293,N/A,Victoria,AU,Australia
Prospect,12382,N/A,South Australia,AU,Australia
Randwick,25819,N/A,New South Wales,AU,Australia
Red Hill,5406,N/A,Queensland,AU,Australia
Redfern,11482,N/A,New South Wales,AU,Australia
Richmond,5560,N/A,New South Wales,AU,Australia
Richmond,880,N/A,Tasmania,AU,Australia
Rosebery,1035,N/A,Tasmania,AU,Australia
Saint Kilda,16122,N/A,Victoria,AU,Australia
Sandy Bay,11334,N/A,Tasmania,AU,Australia
Sheffield,1034,N/A,Tasmania,AU,Australia
Somerville,7015,N/A,Victoria,AU,Australia
South Brisbane,60000,N/A,Queensland,AU,Australia
South Melbourne,8790,N/A,Victoria,AU,Australia
South Perth,11301,N/A,Western Australia,AU,Australia
Southport,24096,N/A,Queensland,AU,Australia
Stirling,2867,N/A,South Australia,AU,Australia
Stockport,235,N/A,South Australia,AU,Australia
Subiaco,7627,N/A,Western Australia,AU,Australia
Sydney,4394576,N/A,New South Wales,AU,Australia
Thebarton,1327,N/A,South Australia,AU,Australia
Toorak,13127,N/A,Victoria,AU,Australia
Unley,3585,N/A,South Australia,AU,Australia
Wayville,1734,N/A,South Australia,AU,Australia
West Perth,3806,N/A,Western Australia,AU,Australia
Westwood,251,N/A,Queensland,AU,Australia
Windsor,6164,N/A,Queensland,AU,Australia
Windsor,6394,N/A,Victoria,AU,Australia
Woodside,1969,N/A,South Australia,AU,Australia
Waterloo,28910,WAL,Walloon Region,BE,Belgium
Brandon,26234,N/A,Manitoba,CA,Canada
Burlington,164415,N/A,Ontario,CA,Canada
Cambridge,120372,N/A,Ontario,CA,Canada
Chester,1531,N/A,Nova Scotia,CA,Canada
Collingwood,15809,N/A,Ontario,CA,Canada
Concord,8255,N/A,Ontario,CA,Canada
Forestville,3543,N/A,Quebec,CA,Canada
Halifax,359111,N/A,Nova Scotia,CA,Canada
Houston,2884,N/A,British Columbia,CA,Canada
Kensington,1424,N/A,Prince Edward Island,CA,Canada
Kirkland,20491,N/A,Quebec,CA,Canada
London,346765,N/A,Ontario,CA,Canada
Melville,4279,N/A,Saskatchewan,CA,Canada
Midland,31502,N/A,Ontario,CA,Canada
Paris,11177,N/A,Ontario,CA,Canada
Pasadena,2248,N/A,Newfoundland And Labrador,CA,Canada
Perth,6481,N/A,Ontario,CA,Canada
Renfrew,8018,N/A,Ontario,CA,Canada
Richmond,182000,N/A,British Columbia,CA,Canada
Richmond,3485,N/A,Quebec,CA,Canada
Sutton,3805,N/A,Quebec,CA,Canada
Sydney,105968,N/A,Nova Scotia,CA,Canada
Wakefield,2000,N/A,Quebec,CA,Canada
Waterloo,97475,N/A,Ontario,CA,Canada
Waterloo,4064,N/A,Quebec,CA,Canada
Windsor,3864,N/A,Nova Scotia,CA,Canada
Windsor,278013,N/A,Ontario,CA,Canada
Windsor,5408,N/A,Quebec,CA,Canada
Ayer,681,VS,Valais,CH,Switzerland
Bellevue,3674,GE,Geneva,CH,Switzerland
Martinez,187,N/A,Castille And Leon,ES,Spain
Santa Barbara,3689,N/A,Catalonia,ES,Spain
Arcueil,17308,A8,Ile-De-France,FR,France
Bay,79,A6,Franche-Comte,FR,France
Bay,149,B6,Picardie,FR,France
Belmont,158,C1,Alsace,FR,France
Belmont,48,A4,Champagne-Ardenne,FR,France
Belmont,62,A6,Franche-Comte,FR,France
Belmont,158,B3,Midi-Pyrenees,FR,France
Belmont,437,B9,Rhone-Alpes,FR,France
Boulogne Billancourt,108782,A8,Ile-De-France,FR,France
Brandon,250,A1,Bourgogne,FR,France
Courbevoie,85158,A8,Ile-De-France,FR,France
Curtin,1644,B9,Rhone-Alpes,FR,France
Elancourt,30831,A8,Ile-De-France,FR,France
Fresnes,83,A1,Bourgogne,FR,France
Fresnes,843,A3,Centre,FR,France
Fresnes,24803,A8,Ile-De-France,FR,France
Island,209,A1,Bourgogne,FR,France
Joinville Le Pont,18154,A8,Ile-De-France,FR,France
Levallois Perret,62178,A8,Ile-De-France,FR,France
Montreuil,513,A3,Centre,FR,France
Montreuil,90652,A8,Ile-De-France,FR,France
Montreuil,2715,B4,Nord-Pas-De-Calais,FR,France
Montreuil,698,B5,Pays De La Loire,FR,France
Paris,2138551,A8,Ile-De-France,FR,France
Plailly,1661,B6,Picardie,FR,France
Pontault Combault,34798,A8,Ile-De-France,FR,France
Puteaux,40646,A8,Ile-De-France,FR,France
Quincy,789,A3,Centre,FR,France
Saint Brice Sous Foret,13606,A8,Ile-De-France,FR,France
Saint Denis,663,A1,Bourgogne,FR,France
Saint Denis,96128,A8,Ile-De-France,FR,France
Saint Denis,201,A9,Languedoc-Roussillon,FR,France
Thiais,29724,A8,Ile-De-France,FR,France
Torcy,3065,A1,Bourgogne,FR,France
Torcy,24386,A8,Ile-De-France,FR,France
Torcy,169,B4,Nord-Pas-De-Calais,FR,France
Versailles,85416,A8,Ile-De-France,FR,France
Acton,311,ENG,England,GB,United Kingdom
Alderley Edge,4408,ENG,England,GB,United Kingdom
Alexandria,13079,SCT,Scotland,GB,United Kingdom
Altrincham,41548,ENG,England,GB,United Kingdom
Appley Bridge,5270,ENG,England,GB,United Kingdom
Armadale,9026,SCT,Scotland,GB,United Kingdom
Ascot,17899,ENG,England,GB,United Kingdom
Ashton Under Lyne,43675,ENG,England,GB,United Kingdom
Bakewell,3758,ENG,England,GB,United Kingdom
Barnsley,71447,ENG,England,GB,United Kingdom
Bayswater,17500,ENG,England,GB,United Kingdom
Belfast,274770,NIR,N Ireland,GB,United Kingdom
Belmont,3382,ENG,England,GB,United Kingdom
Bethesda,4565,WLS,Wales,GB,United Kingdom
Birkenhead,81805,ENG,England,GB,United Kingdom
Birmingham,984333,ENG,England,GB,United Kingdom
Blackpool,143101,ENG,England,GB,United Kingdom
Bolton,141331,ENG,England,GB,United Kingdom
Boston,35859,ENG,England,GB,United Kingdom
Braintree,46765,ENG,England,GB,United Kingdom
Brandon,8440,ENG,England,GB,United Kingdom
Brighton,139001,ENG,England,GB,United Kingdom
Burnley,73480,ENG,England,GB,United Kingdom
Buxton,21300,ENG,England,GB,United Kingdom
Cambridge,128488,ENG,England,GB,United Kingdom
Chelsea,60000,ENG,England,GB,United Kingdom
Cheltenham,103249,ENG,England,GB,United Kingdom
Chester,77040,ENG,England,GB,United Kingdom
Chorley,33888,ENG,England,GB,United Kingdom
Clydebank,29867,SCT,Scotland,GB,United Kingdom
Congleton,26030,ENG,England,GB,United Kingdom
Crawley,107061,ENG,England,GB,United Kingdom
Daresbury,4122,ENG,England,GB,United Kingdom
Dorchester,16879,ENG,England,GB,United Kingdom
Dundonald,2399,SCT,Scotland,GB,United Kingdom
Ellesmere Port,67768,ENG,England,GB,United Kingdom
Fallowfield,14132,ENG,England,GB,United Kingdom
Ferndale,7947,WLS,Wales,GB,United Kingdom
Flint,12068,WLS,Wales,GB,United Kingdom
Glasgow,610268,SCT,Scotland,GB,United Kingdom
Guildford,71873,ENG,England,GB,United Kingdom
Halifax,82624,ENG,England,GB,United Kingdom
Hebden Bridge,4177,ENG,England,GB,United Kingdom
Hertford,25847,ENG,England,GB,United Kingdom
High Peak,92600,ENG,England,GB,United Kingdom
Holywell,6969,WLS,Wales,GB,United Kingdom
Holywood,13109,NIR,N Ireland,GB,United Kingdom
Hope Valley,1001,ENG,England,GB,United Kingdom
Horwich,18696,ENG,England,GB,United Kingdom
Houston,7031,SCT,Scotland,GB,United Kingdom
Huddersfield,149017,ENG,England,GB,United Kingdom
Hull,302296,ENG,England,GB,United Kingdom
Knutsford,12938,ENG,England,GB,United Kingdom
Leeds,455123,ENG,England,GB,United Kingdom
Leigh,43626,ENG,England,GB,United Kingdom
Littleborough,13807,ENG,England,GB,United Kingdom
Liverpool,468945,ENG,England,GB,United Kingdom
London,7556900,ENG,England,GB,United Kingdom
Luton,193669,ENG,England,GB,United Kingdom
Lyneham,5437,ENG,England,GB,United Kingdom
Macclesfield,51739,ENG,England,GB,United Kingdom
Manchester,395515,ENG,England,GB,United Kingdom
Melbourne,4404,ENG,England,GB,United Kingdom
Melrose,1640,SCT,Scotland,GB,United Kingdom
Milford,6220,ENG,England,GB,United Kingdom
Milngavie,12999,SCT,Scotland,GB,United Kingdom
Milton,945,SCT,Scotland,GB,United Kingdom
Montrose,10620,SCT,Scotland,GB,United Kingdom
Nantwich,13746,ENG,England,GB,United Kingdom
Neston,15352,ENG,England,GB,United Kingdom
Newcastle,7444,NIR,N Ireland,GB,United Kingdom
Newtown,12783,WLS,Wales,GB,United Kingdom
Newtownabbey,63860,NIR,N Ireland,GB,United Kingdom
Oldham,104782,ENG,England,GB,United Kingdom
Ormskirk,23792,ENG,England,GB,United Kingdom
Paisley,73074,SCT,Scotland,GB,United Kingdom
Perth,43633,SCT,Scotland,GB,United Kingdom
Portsmouth,194150,ENG,England,GB,United Kingdom
Prescot,40889,ENG,England,GB,United Kingdom
Prestatyn,18701,WLS,Wales,GB,United Kingdom
Preston,190687,ENG,England,GB,United Kingdom
Queensbury,8912,ENG,England,GB,United Kingdom
Renfrew,19894,SCT,Scotland,GB,United Kingdom
Rhyl,25874,WLS,Wales,GB,United Kingdom
Richmond,8360,ENG,England,GB,United Kingdom
Rochdale,97550,ENG,England,GB,United Kingdom
Rochester,28671,ENG,England,GB,United Kingdom
Rosyth,12003,SCT,Scotland,GB,United Kingdom
Ryde,24107,ENG,England,GB,United Kingdom
Saint Helens,102555,ENG,England,GB,United Kingdom
Salford,72750,ENG,England,GB,United Kingdom
Sheffield,447047,ENG,England,GB,United Kingdom
Skelmersdale,38944,ENG,England,GB,United Kingdom
Southport,93044,ENG,England,GB,United Kingdom
Stafford,65290,ENG,England,GB,United Kingdom
Stirling,33012,SCT,Scotland,GB,United Kingdom
Stockport,139052,ENG,England,GB,United Kingdom
Sutton,187600,ENG,England,GB,United Kingdom
Tarporley,2693,ENG,England,GB,United Kingdom
Teddington,299,ENG,England,GB,United Kingdom
Valley,2440,WLS,Wales,GB,United Kingdom
Wakefield,78978,ENG,England,GB,United Kingdom
Wallasey,58794,ENG,England,GB,United Kingdom
Waltham,6563,ENG,England,GB,United Kingdom
Warrington,81238,ENG,England,GB,United Kingdom
Waterloo,1001,ENG,England,GB,United Kingdom
Widnes,56097,ENG,England,GB,United Kingdom
Wigan,80788,ENG,England,GB,United Kingdom
Wilmslow,36617,ENG,England,GB,United Kingdom
Winchester,40000,ENG,England,GB,United Kingdom
Windsor,28324,ENG,England,GB,United Kingdom
Boston,570,M,Munster,IE,Ireland
Waterford,47904,M,Munster,IE,Ireland
Revere,2485,N/A,Lombardy,IT,Italy
Saint Denis,342,N/A,Aosta Valley,IT,Italy
Subiaco,9030,N/A,Latium,IT,Italy
Venice,270816,N/A,Veneto,IT,Italy
Strand,564,N/A,Nordland,NO,Norway
Bay,33547,N/A,Calabarzon,PH,Philippines
Boston,2891,N/A,Davao,PH,Philippines
Laurel,9720,N/A,Calabarzon,PH,Philippines
San Francisco,2154,N/A,Bicol,PH,Philippines
San Francisco,3016,N/A,Calabarzon,PH,Philippines
San Francisco,2279,N/A,Caraga,PH,Philippines
San Francisco,2180,N/A,Central Luzon,PH,Philippines
San Francisco,5047,N/A,Central Visayas,PH,Philippines
San Francisco,2676,N/A,Eastern Visayas,PH,Philippines
San Francisco,2901,N/A,Western Visayas,PH,Philippines
San Jose,2792,N/A,Bicol,PH,Philippines
San Jose,4533,N/A,Cagayan Valley,PH,Philippines
San Jose,2311,N/A,Calabarzon,PH,Philippines
San Jose,7461,N/A,Central Luzon,PH,Philippines
San Jose,3744,N/A,Eastern Visayas,PH,Philippines
San Jose,6079,N/A,Mimaropa,PH,Philippines
San Jose,6345,N/A,Northern Mindanao,PH,Philippines
San Jose,3771,N/A,Western Visayas,PH,Philippines
San Martin,3434,N/A,Northern Mindanao,PH,Philippines
Santa Barbara,6525,N/A,Central Luzon,PH,Philippines
Santa Barbara,15445,N/A,Ilocos,PH,Philippines
Santa Barbara,8629,N/A,Western Visayas,PH,Philippines
Santa Monica,2284,N/A,Caraga,PH,Philippines
Santa Monica,5475,N/A,Central Luzon,PH,Philippines
Santa Monica,2581,N/A,Western Visayas,PH,Philippines
Santa Rosa,2713,N/A,Calabarzon,PH,Philippines
Santa Rosa,3909,N/A,Central Luzon,PH,Philippines
Alexandria,49346,N/A,Teleorman,RO,Romania
Spring,2492,N/A,Alba,RO,Romania
Saint Petersburg,4039745,N/A,Sankt-Peterburg,RU,Russia
Brandon,233,N/A,Norrbotten,SE,Sweden
Kemah,2549,N/A,Erzincan,TR,Turkey
Acton,7596,CA,California,US,United States
Acton,2230,ME,Maine,US,United States
Acton,20897,MA,Massachusetts,US,United States
Albion,168,CA,California,US,United States
Albion,267,ID,Idaho,US,United States
Albion,1988,IL,Illinois,US,United States
Albion,2349,IN,Indiana,US,United States
Albion,505,IA,Iowa,US,United States
Albion,2023,ME,Maine,US,United States
Albion,8616,MI,Michigan,US,United States
Albion,1650,NE,Nebraska,US,United States
Albion,6056,NY,New York,US,United States
Albion,106,OK,Oklahoma,US,United States
Albion,1516,PA,Pennsylvania,US,United States
Albion,579,WA,Washington,US,United States
Alexandria,3917,AL,Alabama,US,United States
Alexandria,5145,IN,Indiana,US,United States
Alexandria,8477,KY,Kentucky,US,United States
Alexandria,47723,LA,Louisiana,US,United States
Alexandria,11070,MN,Minnesota,US,United States
Alexandria,159,MO,Missouri,US,United States
Alexandria,177,NE,Nebraska,US,United States
Alexandria,1415,NH,New Hampshire,US,United States
Alexandria,517,OH,Ohio,US,United States
Alexandria,346,PA,Pennsylvania,US,United States
Alexandria,615,SD,South Dakota,US,United States
Alexandria,966,TN,Tennessee,US,United States
Alexandria,139966,VA,Virginia,US,United States
Alvin,316,IL,Illinois,US,United States
Alvin,24236,TX,Texas,US,United States
Annandale,3228,MN,Minnesota,US,United States
Annandale,1695,NJ,New Jersey,US,United States
Annandale,41008,VA,Virginia,US,United States
Aptos,6220,CA,California,US,United States
Arlington,194,AZ,Arizona,US,United States
Arlington,1479,GA,Georgia,US,United States
Arlington,193,IL,Illinois,US,United States
Arlington,433,IN,Indiana,US,United States
Arlington,429,IA,Iowa,US,United States
Arlington,473,KS,Kansas,US,United States
Arlington,324,KY,Kentucky,US,United States
Arlington,42844,MA,Massachusetts,US,United States
Arlington,2233,MN,Minnesota,US,United States
Arlington,1243,NE,Nebraska,US,United States
Arlington,4061,NY,New York,US,United States
Arlington,781,NC,North Carolina,US,United States
Arlington,1455,OH,Ohio,US,United States
Arlington,586,OR,Oregon,US,United States
Arlington,915,SD,South Dakota,US,United States
Arlington,11517,TN,Tennessee,US,United States
Arlington,365438,TX,Texas,US,United States
Arlington,1213,VT,Vermont,US,United States
Arlington,207627,VA,Virginia,US,United States
Arlington,17926,WA,Washington,US,United States
Arlington,819,WI,Wisconsin,US,United States
Arlington,25,WY,Wyoming,US,United States
Ashfield,1831,MA,Massachusetts,US,United States
Astoria,1141,IL,Illinois,US,United States
Astoria,9477,OR,Oregon,US,United States
Astoria,139,SD,South Dakota,US,United States
Auburn,53380,AL,Alabama,US,United States
Auburn,13330,CA,California,US,United States
Auburn,6887,GA,Georgia,US,United States
Auburn,4771,IL,Illinois,US,United States
Auburn,12731,IN,Indiana,US,United States
Auburn,322,IA,Iowa,US,United States
Auburn,1227,KS,Kansas,US,United States
Auburn,1340,KY,Kentucky,US,United States
Auburn,23055,ME,Maine,US,United States
Auburn,16724,MA,Massachusetts,US,United States
Auburn,2087,MI,Michigan,US,United States
Auburn,3460,NE,Nebraska,US,United States
Auburn,5089,NH,New Hampshire,US,United States
Auburn,27687,NY,New York,US,United States
Auburn,48,ND,North Dakota,US,United States
Auburn,741,PA,Pennsylvania,US,United States
Auburn,70180,WA,Washington,US,United States
Auburn,97,WV,West Virginia,US,United States
Auburn,328,WY,Wyoming,US,United States
Ayer,2868,MA,Massachusetts,US,United States
Bainbridge Island,23025,WA,Washington,US,United States
Barnes,176,IA,Iowa,US,United States
Barnes,159,KS,Kansas,US,United States
Barton,457,MD,Maryland,US,United States
Barton,20,ND,North Dakota,US,United States
Barton,737,VT,Vermont,US,United States
Bay,1801,AR,Arkansas,US,United States
Bay,34932,MI,Michigan,US,United States
Bay,1286,OR,Oregon,US,United States
Bay,17614,TX,Texas,US,United States
Bay,500,WI,Wisconsin,US,United States
Baytown,71802,TX,Texas,US,United States
Beach,1019,ND,North Dakota,US,United States
Beach,1033,OH,Ohio,US,United States
Beach,2198,TX,Texas,US,United States
Belfast,6668,ME,Maine,US,United States
Belfast,837,NY,New York,US,United States
Belfast,1257,PA,Pennsylvania,US,United States
Bellevue,2287,ID,Idaho,US,United States
Bellevue,1978,IL,Illinois,US,United States
Bellevue,2191,IA,Iowa,US,United States
Bellevue,5955,KY,Kentucky,US,United States
Bellevue,1282,MI,Michigan,US,United States
Bellevue,50137,NE,Nebraska,US,United States
Bellevue,8202,OH,Ohio,US,United States
Bellevue,8370,PA,Pennsylvania,US,United States
Bellevue,362,TX,Texas,US,United States
Bellevue,122363,WA,Washington,US,United States
Bellevue,14570,WI,Wisconsin,US,United States
Belmont,25835,CA,California,US,United States
Belmont,361,LA,Louisiana,US,United States
Belmont,24729,MA,Massachusetts,US,United States
Belmont,1941,MS,Mississippi,US,United States
Belmont,1301,NH,New Hampshire,US,United States
Belmont,969,NY,New York,US,United States
Belmont,10076,NC,North Carolina,US,United States
Belmont,453,OH,Ohio,US,United States
Belmont,2784,PA,Pennsylvania,US,United States
Belmont,5966,VA,Virginia,US,United States
Belmont,903,WV,West Virginia,US,United States
Belmont,986,WI,Wisconsin,US,United States
Bethesda,60858,MD,Maryland,US,United States
Bethesda,1256,OH,Ohio,US,United States
Beverly Hills,34109,CA,California,US,United States
Beverly Hills,8445,FL,Florida,US,United States
Beverly Hills,10267,MI,Michigan,US,United States
Beverly Hills,574,MO,Missouri,US,United States
Beverly Hills,1995,TX,Texas,US,United States
Billerica,39904,MA,Massachusetts,US,United States
Birmingham,212237,AL,Alabama,US,United States
Birmingham,448,IA,Iowa,US,United States
Birmingham,20103,MI,Michigan,US,United States
Birmingham,183,MO,Missouri,US,United States
Birmingham,90,PA,Pennsylvania,US,United States
Bolton,4220,MA,Massachusetts,US,United States
Bolton,567,MS,Mississippi,US,United States
Bolton,691,NC,North Carolina,US,United States
Boston,1315,GA,Georgia,US,United States
Boston,138,IN,Indiana,US,United States
Boston,266,KY,Kentucky,US,United States
Boston,617594,MA,Massachusetts,US,United States
Boston,545,PA,Pennsylvania,US,United States
Boston,504,VA,Virginia,US,United States
Boulder Creek,4923,CA,California,US,United States
Bowden,9,WV,West Virginia,US,United States
Braintree,33509,MA,Massachusetts,US,United States
Brandon,21,CO,Colorado,US,United States
Brandon,103483,FL,Florida,US,United States
Brandon,309,IA,Iowa,US,United States
Brandon,489,MN,Minnesota,US,United States
Brandon,21705,MS,Mississippi,US,United States
Brandon,8785,SD,South Dakota,US,United States
Brandon,1648,VT,Vermont,US,United States
Brandon,879,WI,Wisconsin,US,United States
Brighton,2945,AL,Alabama,US,United States
Brighton,33352,CO,Colorado,US,United States
Brighton,2254,IL,Illinois,US,United States
Brighton,652,IA,Iowa,US,United States
Brighton,89,ME,Maine,US,United States
Brighton,7444,MI,Michigan,US,United States
Brighton,36609,NY,New York,US,United States
Brighton,2328,TN,Tennessee,US,United States
Brisbane,4282,CA,California,US,United States
Bromley,763,KY,Kentucky,US,United States
Brook,997,IN,Indiana,US,United States
Brookfield,18978,IL,Illinois,US,United States
Brookfield,833,MA,Massachusetts,US,United States
Brookfield,4542,MO,Missouri,US,United States
Brookfield,643,NH,New Hampshire,US,United States
Brookfield,675,NJ,New Jersey,US,United States
Brookfield,37920,WI,Wisconsin,US,United States
Brookline,58732,MA,Massachusetts,US,United States
Brookline,367,MO,Missouri,US,United States
Brookline,4650,NH,New Hampshire,US,United States
Brooklyn,981,CT,Connecticut,US,United States
Brooklyn,749,IL,Illinois,US,United States
Brooklyn,1598,IN,Indiana,US,United States
Brooklyn,1468,IA,Iowa,US,United States
Brooklyn,1206,MI,Michigan,US,United States
Brooklyn,2300664,NY,New York,US,United States
Brooklyn,11169,OH,Ohio,US,United States
Brooklyn,1401,WI,Wisconsin,US,United States
Bruce,1939,MS,Mississippi,US,United States
Bruce,204,SD,South Dakota,US,United States
Bruce,779,WI,Wisconsin,US,United States
Brunswick,15383,GA,Georgia,US,United States
Brunswick,15175,ME,Maine,US,United States
Brunswick,5870,MD,Maryland,US,United States
Brunswick,858,MO,Missouri,US,United States
Brunswick,138,NE,Nebraska,US,United States
Brunswick,1119,NC,North Carolina,US,United States
Brunswick,34255,OH,Ohio,US,United States
Burbank,4926,CA,California,US,United States
Burbank,28925,IL,Illinois,US,United States
Burbank,207,OH,Ohio,US,United States
Burbank,141,OK,Oklahoma,US,United States
Burbank,3291,WA,Washington,US,United States
Burlington,4254,CO,Colorado,US,United States
Burlington,618,IL,Illinois,US,United States
Burlington,603,IN,Indiana,US,United States
Burlington,25663,IA,Iowa,US,United States
Burlington,2674,KS,Kansas,US,United States
Burlington,15926,KY,Kentucky,US,United States
Burlington,365,ME,Maine,US,United States
Burlington,24498,MA,Massachusetts,US,United States
Burlington,261,MI,Michigan,US,United States
Burlington,9920,NJ,New Jersey,US,United States
Burlington,49963,NC,North Carolina,US,United States
Burlington,1060,ND,North Dakota,US,United States
Burlington,2674,OH,Ohio,US,United States
Burlington,152,OK,Oklahoma,US,United States
Burlington,156,PA,Pennsylvania,US,United States
Burlington,42417,VT,Vermont,US,United States
Burlington,8388,WA,Washington,US,United States
Burlington,182,WV,West Virginia,US,United States
Burlington,10464,WI,Wisconsin,US,United States
Burlington,288,WY,Wyoming,US,United States
Buxton,8136,ME,Maine,US,United States
Buxton,1273,NC,North Carolina,US,United States
Buxton,323,ND,North Dakota,US,United States
Cabin John,2280,MD,Maryland,US,United States
Cambridge,328,ID,Idaho,US,United States
Cambridge,2160,IL,Illinois,US,United States
Cambridge,1870,IN,Indiana,US,United States
Cambridge,827,IA,Iowa,US,United States
Cambridge,82,KS,Kansas,US,United States
Cambridge,175,KY,Kentucky,US,United States
Cambridge,512,ME,Maine,US,United States
Cambridge,12326,MD,Maryland,US,United States
Cambridge,105162,MA,Massachusetts,US,United States
Cambridge,8111,MN,Minnesota,US,United States
Cambridge,1063,NE,Nebraska,US,United States
Cambridge,1870,NY,New York,US,United States
Cambridge,10635,OH,Ohio,US,United States
Cambridge,236,VT,Vermont,US,United States
Cambridge,1457,WI,Wisconsin,US,United States
Campbell,39349,CA,California,US,United States
Campbell,2479,FL,Florida,US,United States
Campbell,158,MN,Minnesota,US,United States
Campbell,1992,MO,Missouri,US,United States
Campbell,347,NE,Nebraska,US,United States
Campbell,713,NY,New York,US,United States
Campbell,8235,OH,Ohio,US,United States
Campbell,638,TX,Texas,US,United States
Carlton,65,AL,Alabama,US,United States
Carlton,260,GA,Georgia,US,United States
Carlton,42,KS,Kansas,US,United States
Carlton,862,MN,Minnesota,US,United States
Carlton,694,MT,Montana,US,United States
Carlton,2007,OR,Oregon,US,United States
Channelview,38289,TX,Texas,US,United States
Chapman,1393,KS,Kansas,US,United States
Chapman,483,ME,Maine,US,United States
Chapman,287,NE,Nebraska,US,United States
Chapman,199,PA,Pennsylvania,US,United States
Charlestown,7585,IN,Indiana,US,United States
Charlestown,1116,MD,Maryland,US,United States
Charlestown,1152,NH,New Hampshire,US,United States
Charlestown,8421,RI,Rhode Island,US,United States
Charlotte,394,IA,Iowa,US,United States
Charlotte,337,ME,Maine,US,United States
Charlotte,9074,MI,Michigan,US,United States
Charlotte,731424,NC,North Carolina,US,United States
Charlotte,1235,TN,Tennessee,US,United States
Charlotte,1715,TX,Texas,US,United States
Chelsea,10183,AL,Alabama,US,United States
Chelsea,267,IA,Iowa,US,United States
Chelsea,2661,ME,Maine,US,United States
Chelsea,35177,MA,Massachusetts,US,United States
Chelsea,4944,MI,Michigan,US,United States
Chelsea,1964,OK,Oklahoma,US,United States
Chelsea,27,SD,South Dakota,US,United States
Chelsea,113,WI,Wisconsin,US,United States
Chester,159,AR,Arkansas,US,United States
Chester,2144,CA,California,US,United States
Chester,1596,GA,Georgia,US,United States
Chester,8586,IL,Illinois,US,United States
Chester,127,IA,Iowa,US,United States
Chester,546,ME,Maine,US,United States
Chester,4167,MD,Maryland,US,United States
Chester,627,MA,Massachusetts,US,United States
Chester,847,MT,Montana,US,United States
Chester,232,NE,Nebraska,US,United States
Chester,5236,NH,New Hampshire,US,United States
Chester,1649,NJ,New Jersey,US,United States
Chester,3969,NY,New York,US,United States
Chester,117,OK,Oklahoma,US,United States
Chester,33972,PA,Pennsylvania,US,United States
Chester,5607,SC,South Carolina,US,United States
Chester,261,SD,South Dakota,US,United States
Chester,312,TX,Texas,US,United States
Chester,2994,VT,Vermont,US,United States
Chester,20987,VA,Virginia,US,United States
Chester,2585,WV,West Virginia,US,United States
Chicago,2695598,IL,Illinois,US,United States
Chisholm,1380,ME,Maine,US,United States
Chisholm,4976,MN,Minnesota,US,United States
Claremont,34926,CA,California,US,United States
Claremont,176,IL,Illinois,US,United States
Claremont,548,MN,Minnesota,US,United States
Claremont,13355,NH,New Hampshire,US,United States
Claremont,1352,NC,North Carolina,US,United States
Claremont,127,SD,South Dakota,US,United States
Claremont,334,VA,Virginia,US,United States
Clayton,3008,AL,Alabama,US,United States
Clayton,10897,CA,California,US,United States
Clayton,2918,DE,Delaware,US,United States
Clayton,2047,GA,Georgia,US,United States
Clayton,7,ID,Idaho,US,United States
Clayton,709,IL,Illinois,US,United States
Clayton,972,IN,Indiana,US,United States
Clayton,43,IA,Iowa,US,United States
Clayton,59,KS,Kansas,US,United States
Clayton,711,LA,Louisiana,US,United States
Clayton,344,MI,Michigan,US,United States
Clayton,15939,MO,Missouri,US,United States
Clayton,8179,NJ,New Jersey,US,United States
Clayton,2980,NM,New Mexico,US,United States
Clayton,1978,NY,New York,US,United States
Clayton,16116,NC,North Carolina,US,United States
Clayton,13209,OH,Ohio,US,United States
Clayton,821,OK,Oklahoma,US,United States
Clayton,443,WA,Washington,US,United States
Clayton,571,WI,Wisconsin,US,United States
Clearwater,107685,FL,Florida,US,United States
Clearwater,2481,KS,Kansas,US,United States
Clearwater,1735,MN,Minnesota,US,United States
Clearwater,419,NE,Nebraska,US,United States
Clearwater,4370,SC,South Carolina,US,United States
Cleveland,1303,AL,Alabama,US,United States
Cleveland,2990,FL,Florida,US,United States
Cleveland,3410,GA,Georgia,US,United States
Cleveland,188,IL,Illinois,US,United States
Cleveland,719,MN,Minnesota,US,United States
Cleveland,12334,MS,Mississippi,US,United States
Cleveland,661,MO,Missouri,US,United States
Cleveland,750,NY,New York,US,United States
Cleveland,871,NC,North Carolina,US,United States
Cleveland,83,ND,North Dakota,US,United States
Cleveland,396815,OH,Ohio,US,United States
Cleveland,3251,OK,Oklahoma,US,United States
Cleveland,41285,TN,Tennessee,US,United States
Cleveland,7675,TX,Texas,US,United States
Cleveland,464,UT,Utah,US,United States
Cleveland,202,VA,Virginia,US,United States
Cleveland,1485,WI,Wisconsin,US,United States
Clifton Hill,114,MO,Missouri,US,United States
Clinton,2602,AR,Arkansas,US,United States
Clinton,3368,CT,Connecticut,US,United States
Clinton,7225,IL,Illinois,US,United States
Clinton,4893,IN,Indiana,US,United States
Clinton,26885,IA,Iowa,US,United States
Clinton,1653,LA,Louisiana,US,United States
Clinton,1419,ME,Maine,US,United States
Clinton,35970,MD,Maryland,US,United States
Clinton,7389,MA,Massachusetts,US,United States
Clinton,2336,MI,Michigan,US,United States
Clinton,25216,MS,Mississippi,US,United States
Clinton,9008,MO,Missouri,US,United States
Clinton,2719,NJ,New Jersey,US,United States
Clinton,1942,NY,New York,US,United States
Clinton,8639,NC,North Carolina,US,United States
Clinton,9033,OK,Oklahoma,US,United States
Clinton,8490,SC,South Carolina,US,United States
Clinton,9841,TN,Tennessee,US,United States
Clinton,20426,UT,Utah,US,United States
Clinton,2154,WI,Wisconsin,US,United States
Concord,1837,AL,Alabama,US,United States
Concord,244,AR,Arkansas,US,United States
Concord,122067,CA,California,US,United States
Concord,375,GA,Georgia,US,United States
Concord,167,IL,Illinois,US,United States
Concord,25,KY,Kentucky,US,United States
Concord,16810,MA,Massachusetts,US,United States
Concord,1050,MI,Michigan,US,United States
Concord,16421,MO,Missouri,US,United States
Concord,166,NE,Nebraska,US,United States
Concord,42695,NH,New Hampshire,US,United States
Concord,79066,NC,North Carolina,US,United States
Concord,271,VT,Vermont,US,United States
Concord,1458,VA,Virginia,US,United States
Corona,152374,CA,California,US,United States
Corona,172,NM,New Mexico,US,United States
Corona,109,SD,South Dakota,US,United States
Corralitos,2326,CA,California,US,United States
Croydon,704,NH,New Hampshire,US,United States
Croydon,9950,PA,Pennsylvania,US,United States
Crystal River,3108,FL,Florida,US,United States
Culver,38883,CA,California,US,United States
Culver,1353,IN,Indiana,US,United States
Culver,121,KS,Kansas,US,United States
Culver,1357,OR,Oregon,US,United States
Cypress,47802,CA,California,US,United States
Cypress,234,IL,Illinois,US,United States
Cypress,46025,TX,Texas,US,United States
Dearborn,98153,MI,Michigan,US,United States
Dearborn,496,MO,Missouri,US,United States
Dedham,266,IA,Iowa,US,United States
Dedham,1478,ME,Maine,US,United States
Dedham,24729,MA,Massachusetts,US,United States
Deer Park,188,AL,Alabama,US,United States
Deer Park,1267,CA,California,US,United States
Deer Park,3192,IL,Illinois,US,United States
Deer Park,399,MD,Maryland,US,United States
Deer Park,27745,NY,New York,US,United States
Deer Park,5736,OH,Ohio,US,United States
Deer Park,32010,TX,Texas,US,United States
Deer Park,3652,WA,Washington,US,United States
Deer Park,216,WI,Wisconsin,US,United States
Denver,600158,CO,Colorado,US,United States
Denver,482,IN,Indiana,US,United States
Denver,1780,IA,Iowa,US,United States
Denver,39,MO,Missouri,US,United States
Denver,2309,NC,North Carolina,US,United States
Denver,3861,PA,Pennsylvania,US,United States
Denver,4479,TX,Texas,US,United States
Detroit,237,AL,Alabama,US,United States
Detroit,83,IL,Illinois,US,United States
Detroit,114,KS,Kansas,US,United States
Detroit,848,ME,Maine,US,United States
Detroit,713777,MI,Michigan,US,United States
Detroit,202,OR,Oregon,US,United States
Detroit,732,TX,Texas,US,United States
Dickinson,17787,ND,North Dakota,US,United States
Dickinson,18680,TX,Texas,US,United States
Dickson,1207,OK,Oklahoma,US,United States
Dickson,6070,PA,Pennsylvania,US,United States
Dickson,14538,TN,Tennessee,US,United States
Dorchester,151,IL,Illinois,US,United States
Dorchester,586,NE,Nebraska,US,United States
Dorchester,376,NH,New Hampshire,US,United States
Dorchester,148,TX,Texas,US,United States
Dorchester,876,WI,Wisconsin,US,United States
Dunedin,35321,FL,Florida,US,United States
East Palo Alto,28155,CA,California,US,United States
Ellerslie,572,MD,Maryland,US,United States
Elmhurst,44121,IL,Illinois,US,United States
Everett,41667,MA,Massachusetts,US,United States
Everett,1834,PA,Pennsylvania,US,United States
Everett,103019,WA,Washington,US,United States
Falls Church,12332,VA,Virginia,US,United States
Ferndale,1371,CA,California,US,United States
Ferndale,472,FL,Florida,US,United States
Ferndale,16746,MD,Maryland,US,United States
Ferndale,19900,MI,Michigan,US,United States
Ferndale,1636,PA,Pennsylvania,US,United States
Ferndale,11415,WA,Washington,US,United States
Flemington,743,GA,Georgia,US,United States
Flemington,148,MO,Missouri,US,United States
Flemington,4581,NJ,New Jersey,US,United States
Flemington,1330,PA,Pennsylvania,US,United States
Flemington,312,WV,West Virginia,US,United States
Flint,1033,AL,Alabama,US,United States
Flint,102434,MI,Michigan,US,United States
Floral Park,15863,NY,New York,US,United States
Flushing,8389,MI,Michigan,US,United States
Flushing,879,OH,Ohio,US,United States
Forest Hill,818,LA,Louisiana,US,United States
Forest Hill,12355,TX,Texas,US,United States
Forestville,3293,CA,California,US,United States
Forestville,12353,MD,Maryland,US,United States
Forestville,136,MI,Michigan,US,United States
Forestville,697,NY,New York,US,United States
Forestville,10532,OH,Ohio,US,United States
Forestville,435,PA,Pennsylvania,US,United States
Forestville,430,WI,Wisconsin,US,United States
Framingham,68318,MA,Massachusetts,US,United States
Fraser,1224,CO,Colorado,US,United States
Fraser,102,IA,Iowa,US,United States
Fraser,14480,MI,Michigan,US,United States
Friendswood,35805,TX,Texas,US,United States
Gilroy,48821,CA,California,US,United States
Glasgow,14303,DE,Delaware,US,United States
Glasgow,141,IL,Illinois,US,United States
Glasgow,14028,KY,Kentucky,US,United States
Glasgow,1103,MO,Missouri,US,United States
Glasgow,3250,MT,Montana,US,United States
Glasgow,763,OR,Oregon,US,United States
Glasgow,60,PA,Pennsylvania,US,United States
Glasgow,1133,VA,Virginia,US,United States
Glasgow,905,WV,West Virginia,US,United States
Glendale,226721,AZ,Arizona,US,United States
Glendale,191719,CA,California,US,United States
Glendale,69,CO,Colorado,US,United States
Glendale,1657,MS,Mississippi,US,United States
Glendale,5925,MO,Missouri,US,United States
Glendale,2155,OH,Ohio,US,United States
Glendale,874,OR,Oregon,US,United States
Glendale,307,SC,South Carolina,US,United States
Glendale,381,UT,Utah,US,United States
Glendale,1526,WV,West Virginia,US,United States
Glendale,12872,WI,Wisconsin,US,United States
Glenside,8384,PA,Pennsylvania,US,United States
Gordon,332,AL,Alabama,US,United States
Gordon,2017,GA,Georgia,US,United States
Gordon,1612,NE,Nebraska,US,United States
Gordon,212,OH,Ohio,US,United States
Gordon,763,PA,Pennsylvania,US,United States
Gordon,478,TX,Texas,US,United States
Gordon,176,WI,Wisconsin,US,United States
Gowrie,1037,IA,Iowa,US,United States
Greenway,209,AR,Arkansas,US,United States
Greenwich,12942,CT,Connecticut,US,United States
Greenwich,1777,NY,New York,US,United States
Greenwich,1476,OH,Ohio,US,United States
Griffith,16893,IN,Indiana,US,United States
Groton,10389,CT,Connecticut,US,United States
Groton,1124,MA,Massachusetts,US,United States
Groton,486,NH,New Hampshire,US,United States
Groton,2363,NY,New York,US,United States
Groton,1458,SD,South Dakota,US,United States
Groton,437,VT,Vermont,US,United States
Halifax,7631,MA,Massachusetts,US,United States
Halifax,234,NC,North Carolina,US,United States
Halifax,841,PA,Pennsylvania,US,United States
Halifax,1309,VA,Virginia,US,United States
Hall,216,NY,New York,US,United States
Harbor,2391,OR,Oregon,US,United States
Hawthorn,494,PA,Pennsylvania,US,United States
Haymarket,1782,VA,Virginia,US,United States
Hazel Park,16422,MI,Michigan,US,United States
Henderson,255,IL,Illinois,US,United States
Henderson,185,IA,Iowa,US,United States
Henderson,28757,KY,Kentucky,US,United States
Henderson,1674,LA,Louisiana,US,United States
Henderson,146,MD,Maryland,US,United States
Henderson,399,MI,Michigan,US,United States
Henderson,886,MN,Minnesota,US,United States
Henderson,991,NE,Nebraska,US,United States
Henderson,257729,NV,Nevada,US,United States
Henderson,224,NY,New York,US,United States
Henderson,15368,NC,North Carolina,US,United States
Henderson,6309,TN,Tennessee,US,United States
Henderson,13712,TX,Texas,US,United States
Henderson,271,WV,West Virginia,US,United States
Hertford,2143,NC,North Carolina,US,United States
Hilton,5886,NY,New York,US,United States
Hobart,29059,IN,Indiana,US,United States
Hobart,441,NY,New York,US,United States
Hobart,3756,OK,Oklahoma,US,United States
Hobart,6221,WA,Washington,US,United States
Hollywood,930,AL,Alabama,US,United States
Hollywood,167664,CA,California,US,United States
Hollywood,140768,FL,Florida,US,United States
Hollywood,4714,SC,South Carolina,US,United States
Holt,3638,AL,Alabama,US,United States
Holt,23973,MI,Michigan,US,United States
Holt,88,MN,Minnesota,US,United States
Holt,447,MO,Missouri,US,United States
Hope Valley,1612,RI,Rhode Island,US,United States
Hornsby,303,TN,Tennessee,US,United States
Houston,1912,AK,Alaska,US,United States
Houston,173,AR,Arkansas,US,United States
Houston,374,DE,Delaware,US,United States
Houston,979,MN,Minnesota,US,United States
Houston,3623,MS,Mississippi,US,United States
Houston,2081,MO,Missouri,US,United States
Houston,1296,PA,Pennsylvania,US,United States
Houston,2099451,TX,Texas,US,United States
Hull,198,GA,Georgia,US,United States
Hull,461,IL,Illinois,US,United States
Hull,2175,IA,Iowa,US,United States
Hull,10293,MA,Massachusetts,US,United States
Hull,669,TX,Texas,US,United States
Humble,15133,TX,Texas,US,United States
Hume,380,IL,Illinois,US,United States
Hume,336,MO,Missouri,US,United States
Hyde Park,1908,NY,New York,US,United States
Hyde Park,500,PA,Pennsylvania,US,United States
Hyde Park,3833,UT,Utah,US,United States
Hyde Park,462,VT,Vermont,US,United States
Indian Rocks Beach,4113,FL,Florida,US,United States
Inglewood,109673,CA,California,US,United States
Inglewood,325,NE,Nebraska,US,United States
Island,458,KY,Kentucky,US,United States
Island,989,OR,Oregon,US,United States
Jamaica Plain,37468,MA,Massachusetts,US,United States
Jersey,137,GA,Georgia,US,United States
Jersey,247597,NJ,New Jersey,US,United States
Junction,581,AR,Arkansas,US,United States
Junction,680,CA,California,US,United States
Junction,177,GA,Georgia,US,United States
Junction,129,IL,Illinois,US,United States
Junction,23353,KS,Kansas,US,United States
Junction,2241,KY,Kentucky,US,United States
Junction,582,LA,Louisiana,US,United States
Junction,327,MO,Missouri,US,United States
Junction,819,OH,Ohio,US,United States
Junction,5392,OR,Oregon,US,United States
Junction,2574,TX,Texas,US,United States
Junction,191,UT,Utah,US,United States
Junction,18,WA,Washington,US,United States
Junction,439,WI,Wisconsin,US,United States
Katy,14102,TX,Texas,US,United States
Kemah,1773,TX,Texas,US,United States
Kensington,5077,CA,California,US,United States
Kensington,8459,CT,Connecticut,US,United States
Kensington,473,KS,Kansas,US,United States
Kensington,2213,MD,Maryland,US,United States
Kensington,292,MN,Minnesota,US,United States
Kensington,2016,NH,New Hampshire,US,United States
Kensington,1161,NY,New York,US,United States
Kent,70,IN,Indiana,US,United States
Kent,61,IA,Iowa,US,United States
Kent,1057,MI,Michigan,US,United States
Kent,81,MN,Minnesota,US,United States
Kent,28904,OH,Ohio,US,United States
Kent,92411,WA,Washington,US,United States
Kings Park,17282,NY,New York,US,United States
Kings Park,4333,VA,Virginia,US,United States
Kingwood,2939,WV,West Virginia,US,United States
Kirkland,1744,IL,Illinois,US,United States
Kirkland,619,NC,North Carolina,US,United States
Kirkland,48787,WA,Washington,US,United States
La Marque,14509,TX,Texas,US,United States
La Porte,26,CA,California,US,United States
La Porte,2285,IA,Iowa,US,United States
La Porte,33800,TX,Texas,US,United States
Lake Orion,2973,MI,Michigan,US,United States
Lakes,8364,AK,Alaska,US,United States
Largo,77648,FL,Florida,US,United States
Largo,10709,MD,Maryland,US,United States
Las Vegas,583756,NV,Nevada,US,United States
Las Vegas,13753,NM,New Mexico,US,United States
Laurel,3708,DE,Delaware,US,United States
Laurel,8171,FL,Florida,US,United States
Laurel,512,IN,Indiana,US,United States
Laurel,239,IA,Iowa,US,United States
Laurel,25115,MD,Maryland,US,United States
Laurel,18540,MS,Mississippi,US,United States
Laurel,6718,MT,Montana,US,United States
Laurel,964,NE,Nebraska,US,United States
Laurel,1394,NY,New York,US,United States
Laurel,16713,VA,Virginia,US,United States
League,83560,TX,Texas,US,United States
Leeds,11773,AL,Alabama,US,United States
Leeds,2080,ME,Maine,US,United States
Leeds,377,NY,New York,US,United States
Leeds,427,ND,North Dakota,US,United States
Leeds,820,UT,Utah,US,United States
Leigh,405,NE,Nebraska,US,United States
Lenox,873,GA,Georgia,US,United States
Lenox,1407,IA,Iowa,US,United States
Lenox,1675,MA,Massachusetts,US,United States
Lexington,735,AL,Alabama,US,United States
Lexington,228,GA,Georgia,US,United States
Lexington,2060,IL,Illinois,US,United States
Lexington,225366,KY,Kentucky,US,United States
Lexington,31394,MA,Massachusetts,US,United States
Lexington,1178,MI,Michigan,US,United States
Lexington,2049,MN,Minnesota,US,United States
Lexington,1731,MS,Mississippi,US,United States
Lexington,4726,MO,Missouri,US,United States
Lexington,10230,NE,Nebraska,US,United States
Lexington,18931,NC,North Carolina,US,United States
Lexington,4822,OH,Ohio,US,United States
Lexington,2152,OK,Oklahoma,US,United States
Lexington,238,OR,Oregon,US,United States
Lexington,17870,SC,South Carolina,US,United States
Lexington,7652,TN,Tennessee,US,United States
Lexington,1177,TX,Texas,US,United States
Lexington,7042,VA,Virginia,US,United States
Liverpool,129,IL,Illinois,US,United States
Liverpool,2347,NY,New York,US,United States
Liverpool,955,PA,Pennsylvania,US,United States
Liverpool,482,TX,Texas,US,United States
London,1039,AR,Arkansas,US,United States
London,1869,CA,California,US,United States
London,7993,KY,Kentucky,US,United States
London,9904,OH,Ohio,US,United States
Long Island,134,KS,Kansas,US,United States
Long Island,210,ME,Maine,US,United States
Long Island,25595,NY,New York,US,United States
Los Altos Hills,7922,CA,California,US,United States
Los Altos,28976,CA,California,US,United States
Los Angeles,3792621,CA,California,US,United States
Los Angeles,121,TX,Texas,US,United States
Los Gatos,29413,CA,California,US,United States
Lutz,19344,FL,Florida,US,United States
Lynn,659,AL,Alabama,US,United States
Lynn,288,AR,Arkansas,US,United States
Lynn,12,CO,Colorado,US,United States
Lynn,1097,IN,Indiana,US,United States
Lynn,90329,MA,Massachusetts,US,United States
Macclesfield,471,NC,North Carolina,US,United States
Madeira Beach,4263,FL,Florida,US,United States
Malden,362,IL,Illinois,US,United States
Malden,59450,MA,Massachusetts,US,United States
Malden,4275,MO,Missouri,US,United States
Malden,419,NY,New York,US,United States
Malden,203,WA,Washington,US,United States
Manchester,195,CA,California,US,United States
Manchester,30577,CT,Connecticut,US,United States
Manchester,4230,GA,Georgia,US,United States
Manchester,292,IL,Illinois,US,United States
Manchester,5179,IA,Iowa,US,United States
Manchester,95,KS,Kansas,US,United States
Manchester,1255,KY,Kentucky,US,United States
Manchester,2563,ME,Maine,US,United States
Manchester,4808,MD,Maryland,US,United States
Manchester,2091,MI,Michigan,US,United States
Manchester,57,MN,Minnesota,US,United States
Manchester,18094,MO,Missouri,US,United States
Manchester,109565,NH,New Hampshire,US,United States
Manchester,1709,NY,New York,US,United States
Manchester,2023,OH,Ohio,US,United States
Manchester,103,OK,Oklahoma,US,United States
Manchester,2763,PA,Pennsylvania,US,United States
Manchester,10102,TN,Tennessee,US,United States
Manchester,749,VT,Vermont,US,United States
Manchester,5413,WA,Washington,US,United States
Manhattan,7051,IL,Illinois,US,United States
Manhattan,52281,KS,Kansas,US,United States
Manhattan,1520,MT,Montana,US,United States
Manhattan,1487536,NY,New York,US,United States
Manly,1323,IA,Iowa,US,United States
Marblehead,19808,MA,Massachusetts,US,United States
Marblehead,903,OH,Ohio,US,United States
Martinez,35824,CA,California,US,United States
Martinez,35795,GA,Georgia,US,United States
Mclean,830,IL,Illinois,US,United States
Mclean,36,NE,Nebraska,US,United States
Mclean,778,TX,Texas,US,United States
Mclean,48115,VA,Virginia,US,United States
Medford,240,ME,Maine,US,United States
Medford,56173,MA,Massachusetts,US,United States
Medford,1239,MN,Minnesota,US,United States
Medford,24142,NY,New York,US,United States
Medford,996,OK,Oklahoma,US,United States
Medford,74907,OR,Oregon,US,United States
Medford,4326,WI,Wisconsin,US,United States
Melbourne,1848,AR,Arkansas,US,United States
Melbourne,76068,FL,Florida,US,United States
Melbourne,830,IA,Iowa,US,United States
Melbourne,401,KY,Kentucky,US,United States
Melrose,112,IA,Iowa,US,United States
Melrose,26983,MA,Massachusetts,US,United States
Melrose,3598,MN,Minnesota,US,United States
Melrose,651,NM,New Mexico,US,United States
Melrose,275,OH,Ohio,US,United States
Melrose,735,OR,Oregon,US,United States
Melrose,503,WI,Wisconsin,US,United States
Melville,1041,LA,Louisiana,US,United States
Melville,18985,NY,New York,US,United States
Melville,1320,RI,Rhode Island,US,United States
Middle Village,281,WI,Wisconsin,US,United States
Midland,2344,AL,Alabama,US,United States
Midland,325,AR,Arkansas,US,United States
Midland,156,CO,Colorado,US,United States
Midland,446,MD,Maryland,US,United States
Midland,41863,MI,Michigan,US,United States
Midland,3073,NC,North Carolina,US,United States
Midland,315,OH,Ohio,US,United States
Midland,2635,PA,Pennsylvania,US,United States
Midland,129,SD,South Dakota,US,United States
Midland,111147,TX,Texas,US,United States
Midland,218,VA,Virginia,US,United States
Midland,8962,WA,Washington,US,United States
Midvale,171,ID,Idaho,US,United States
Midvale,754,OH,Ohio,US,United States
Midvale,27964,UT,Utah,US,United States
Milford,167,CA,California,US,United States
Milford,52759,CT,Connecticut,US,United States
Milford,9559,DE,Delaware,US,United States
Milford,1306,IL,Illinois,US,United States
Milford,121,IN,Indiana,US,United States
Milford,2898,IA,Iowa,US,United States
Milford,530,KS,Kansas,US,United States
Milford,2233,ME,Maine,US,United States
Milford,25055,MA,Massachusetts,US,United States
Milford,6175,MI,Michigan,US,United States
Milford,26,MO,Missouri,US,United States
Milford,2090,NE,Nebraska,US,United States
Milford,8835,NH,New Hampshire,US,United States
Milford,1233,NJ,New Jersey,US,United States
Milford,415,NY,New York,US,United States
Milford,6709,OH,Ohio,US,United States
Milford,1021,PA,Pennsylvania,US,United States
Milford,728,TX,Texas,US,United States
Milford,1409,UT,Utah,US,United States
Milpitas,66790,CA,California,US,United States
Milton,2576,DE,Delaware,US,United States
Milton,8826,FL,Florida,US,United States
Milton,32661,GA,Georgia,US,United States
Milton,271,IL,Illinois,US,United States
Milton,490,IN,Indiana,US,United States
Milton,443,IA,Iowa,US,United States
Milton,155,KS,Kansas,US,United States
Milton,574,KY,Kentucky,US,United States
Milton,3030,LA,Louisiana,US,United States
Milton,128,ME,Maine,US,United States
Milton,27003,MA,Massachusetts,US,United States
Milton,575,NH,New Hampshire,US,United States
Milton,1403,NY,New York,US,United States
Milton,166,NC,North Carolina,US,United States
Milton,58,ND,North Dakota,US,United States
Milton,7042,PA,Pennsylvania,US,United States
Milton,1861,VT,Vermont,US,United States
Milton,6968,WA,Washington,US,United States
Milton,2423,WV,West Virginia,US,United States
Milton,5546,WI,Wisconsin,US,United States
Missouri,267,MO,Missouri,US,United States
Missouri,67358,TX,Texas,US,United States
Monroe,13234,GA,Georgia,US,United States
Monroe,545,IN,Indiana,US,United States
Monroe,1830,IA,Iowa,US,United States
Monroe,48815,LA,Louisiana,US,United States
Monroe,917,ME,Maine,US,United States
Monroe,20733,MI,Michigan,US,United States
Monroe,2531,MO,Missouri,US,United States
Monroe,284,NE,Nebraska,US,United States
Monroe,808,NH,New Hampshire,US,United States
Monroe,8364,NY,New York,US,United States
Monroe,32797,NC,North Carolina,US,United States
Monroe,12442,OH,Ohio,US,United States
Monroe,617,OR,Oregon,US,United States
Monroe,489,PA,Pennsylvania,US,United States
Monroe,160,SD,South Dakota,US,United States
Monroe,2256,UT,Utah,US,United States
Monroe,17304,WA,Washington,US,United States
Monroe,10827,WI,Wisconsin,US,United States
Montrose,354,AR,Arkansas,US,United States
Montrose,19132,CO,Colorado,US,United States
Montrose,215,GA,Georgia,US,United States
Montrose,201,IL,Illinois,US,United States
Montrose,898,IA,Iowa,US,United States
Montrose,1657,MI,Michigan,US,United States
Montrose,2847,MN,Minnesota,US,United States
Montrose,140,MS,Mississippi,US,United States
Montrose,384,MO,Missouri,US,United States
Montrose,2731,NY,New York,US,United States
Montrose,1583,PA,Pennsylvania,US,United States
Montrose,472,SD,South Dakota,US,United States
Montrose,7993,VA,Virginia,US,United States
Montrose,156,WV,West Virginia,US,United States
Morgan Hill,37882,CA,California,US,United States
Morton Grove,23270,IL,Illinois,US,United States
Moss Landing,204,CA,California,US,United States
Mount Dora,12370,FL,Florida,US,United States
Nahant,3410,MA,Massachusetts,US,United States
Needham,94,AL,Alabama,US,United States
Needham,28886,MA,Massachusetts,US,United States
New Brighton,21456,MN,Minnesota,US,United States
New Brighton,6025,PA,Pennsylvania,US,United States
New Port Richey,14911,FL,Florida,US,United States
New Town,1925,ND,North Dakota,US,United States
New York,8175133,NY,New York,US,United States
Newark,1176,AR,Arkansas,US,United States
Newark,42573,CA,California,US,United States
Newark,31454,DE,Delaware,US,United States
Newark,992,IL,Illinois,US,United States
Newark,336,MD,Maryland,US,United States
Newark,94,MO,Missouri,US,United States
Newark,277140,NJ,New Jersey,US,United States
Newark,9145,NY,New York,US,United States
Newark,47573,OH,Ohio,US,United States
Newark,1005,TX,Texas,US,United States
Newcastle,1224,CA,California,US,United States
Newcastle,667,ME,Maine,US,United States
Newcastle,325,NE,Nebraska,US,United States
Newcastle,7685,OK,Oklahoma,US,United States
Newcastle,585,TX,Texas,US,United States
Newcastle,247,UT,Utah,US,United States
Newcastle,10380,WA,Washington,US,United States
Newcastle,3532,WY,Wyoming,US,United States
Newton,1511,AL,Alabama,US,United States
Newton,654,GA,Georgia,US,United States
Newton,2849,IL,Illinois,US,United States
Newton,15254,IA,Iowa,US,United States
Newton,19132,KS,Kansas,US,United States
Newton,85146,MA,Massachusetts,US,United States
Newton,3373,MS,Mississippi,US,United States
Newton,4513,NH,New Hampshire,US,United States
Newton,7997,NJ,New Jersey,US,United States
Newton,12968,NC,North Carolina,US,United States
Newton,2478,TX,Texas,US,United States
Newton,789,UT,Utah,US,United States
Newtown,1941,CT,Connecticut,US,United States
Newtown,256,IN,Indiana,US,United States
Newtown,183,MO,Missouri,US,United States
Newtown,2672,OH,Ohio,US,United States
Newtown,243,PA,Pennsylvania,US,United States
Nicholls,2798,GA,Georgia,US,United States
North Beach,269,FL,Florida,US,United States
North Beach,1978,MD,Maryland,US,United States
North Bergen,63484,NJ,New Jersey,US,United States
North Shore,3094,VA,Virginia,US,United States
Northbridge,14061,MA,Massachusetts,US,United States
Norwood,518,CO,Colorado,US,United States
Norwood,239,GA,Georgia,US,United States
Norwood,478,IL,Illinois,US,United States
Norwood,370,KY,Kentucky,US,United States
Norwood,322,LA,Louisiana,US,United States
Norwood,28602,MA,Massachusetts,US,United States
Norwood,142,MI,Michigan,US,United States
Norwood,1506,MN,Minnesota,US,United States
Norwood,665,MO,Missouri,US,United States
Norwood,5711,NJ,New Jersey,US,United States
Norwood,1657,NY,New York,US,United States
Norwood,2379,NC,North Carolina,US,United States
Norwood,19207,OH,Ohio,US,United States
Norwood,5890,PA,Pennsylvania,US,United States
Oak Park,13811,CA,California,US,United States
Oak Park,484,GA,Georgia,US,United States
Oak Park,51878,IL,Illinois,US,United States
Oak Park,5209,IN,Indiana,US,United States
Oak Park,29319,MI,Michigan,US,United States
Oldham,133,SD,South Dakota,US,United States
Oldsmar,13591,FL,Florida,US,United States
Osmond,783,NE,Nebraska,US,United States
Osmond,397,WY,Wyoming,US,United States
Paisley,818,FL,Florida,US,United States
Paisley,243,OR,Oregon,US,United States
Palm Harbor,57439,FL,Florida,US,United States
Palo Alto,64403,CA,California,US,United States
Palo Alto,1032,PA,Pennsylvania,US,United States
Paradise,26218,CA,California,US,United States
Paradise,49,KS,Kansas,US,United States
Paradise,163,MT,Montana,US,United States
Paradise,223167,NV,Nevada,US,United States
Paradise,1129,PA,Pennsylvania,US,United States
Paradise,441,TX,Texas,US,United States
Paradise,904,UT,Utah,US,United States
Paris,3532,AR,Arkansas,US,United States
Paris,513,ID,Idaho,US,United States
Paris,8837,IL,Illinois,US,United States
Paris,8553,KY,Kentucky,US,United States
Paris,5073,ME,Maine,US,United States
Paris,1220,MO,Missouri,US,United States
Paris,732,PA,Pennsylvania,US,United States
Paris,10156,TN,Tennessee,US,United States
Paris,25171,TX,Texas,US,United States
Park,7570,IL,Illinois,US,United States
Park,126,KS,Kansas,US,United States
Park,537,KY,Kentucky,US,United States
Park,983,MT,Montana,US,United States
Park,2442,TN,Tennessee,US,United States
Park,7558,UT,Utah,US,United States
Parkside,2206,PA,Pennsylvania,US,United States
Parkville,30734,MD,Maryland,US,United States
Parkville,2525,MN,Minnesota,US,United States
Parkville,5554,MO,Missouri,US,United States
Parkville,6706,PA,Pennsylvania,US,United States
Parnell,193,IA,Iowa,US,United States
Parnell,191,MO,Missouri,US,United States
Pasadena,137122,CA,California,US,United States
Pasadena,24287,MD,Maryland,US,United States
Pasadena,149043,TX,Texas,US,United States
Passaic,34,MO,Missouri,US,United States
Passaic,69781,NJ,New Jersey,US,United States
Pearland,91252,TX,Texas,US,United States
Perth,9,ND,North Dakota,US,United States
Phoenix,1445632,AZ,Arizona,US,United States
Phoenix,1964,IL,Illinois,US,United States
Phoenix,2382,NY,New York,US,United States
Phoenix,4538,OR,Oregon,US,United States
Plains,776,GA,Georgia,US,United States
Plains,1146,KS,Kansas,US,United States
Plains,1048,MT,Montana,US,United States
Plains,4335,PA,Pennsylvania,US,United States
Plains,1481,TX,Texas,US,United States
Plant,34721,FL,Florida,US,United States
Pleasant Hill,33152,CA,California,US,United States
Pleasant Hill,966,IL,Illinois,US,United States
Pleasant Hill,8785,IA,Iowa,US,United States
Pleasant Hill,723,LA,Louisiana,US,United States
Pleasant Hill,8113,MO,Missouri,US,United States
Pleasant Hill,878,NC,North Carolina,US,United States
Pleasant Hill,1200,OH,Ohio,US,United States
Pleasant Hill,2643,PA,Pennsylvania,US,United States
Pleasant Hill,563,TN,Tennessee,US,United States
Pleasant Hill,522,TX,Texas,US,United States
Point,820,TX,Texas,US,United States
Portsmouth,195,IA,Iowa,US,United States
Portsmouth,20779,NH,New Hampshire,US,United States
Portsmouth,20226,OH,Ohio,US,United States
Portsmouth,17756,RI,Rhode Island,US,United States
Portsmouth,95535,VA,Virginia,US,United States
Potomac,750,IL,Illinois,US,United States
Potomac,44965,MD,Maryland,US,United States
Preston,5000,CT,Connecticut,US,United States
Preston,419,GA,Georgia,US,United States
Preston,5204,ID,Idaho,US,United States
Preston,1012,IA,Iowa,US,United States
Preston,158,KS,Kansas,US,United States
Preston,719,MD,Maryland,US,United States
Preston,1325,MN,Minnesota,US,United States
Preston,223,MO,Missouri,US,United States
Preston,28,NE,Nebraska,US,United States
Preston,78,NV,Nevada,US,United States
Preston,2096,TX,Texas,US,United States
Prospect,9476,CT,Connecticut,US,United States
Prospect,4698,KY,Kentucky,US,United States
Prospect,476,LA,Louisiana,US,United States
Prospect,667,ME,Maine,US,United States
Prospect,291,NY,New York,US,United States
Prospect,981,NC,North Carolina,US,United States
Prospect,1112,OH,Ohio,US,United States
Prospect,455,OR,Oregon,US,United States
Prospect,1169,PA,Pennsylvania,US,United States
Quay,44,OK,Oklahoma,US,United States
Quincy,1728,CA,California,US,United States
Quincy,7972,FL,Florida,US,United States
Quincy,40633,IL,Illinois,US,United States
Quincy,92271,MA,Massachusetts,US,United States
Quincy,1652,MI,Michigan,US,United States
Quincy,706,OH,Ohio,US,United States
Quincy,6750,WA,Washington,US,United States
Randolph,168,IA,Iowa,US,United States
Randolph,163,KS,Kansas,US,United States
Randolph,1772,ME,Maine,US,United States
Randolph,32112,MA,Massachusetts,US,United States
Randolph,436,MN,Minnesota,US,United States
Randolph,52,MO,Missouri,US,United States
Randolph,944,NE,Nebraska,US,United States
Randolph,361,NH,New Hampshire,US,United States
Randolph,1286,NY,New York,US,United States
Randolph,464,UT,Utah,US,United States
Randolph,1974,VT,Vermont,US,United States
Randolph,1811,WI,Wisconsin,US,United States
Red Hill,2383,PA,Pennsylvania,US,United States
Red Hill,13223,SC,South Carolina,US,United States
Redwood,76815,CA,California,US,United States
Redwood,605,NY,New York,US,United States
Redwood,2627,OR,Oregon,US,United States
Redwood,4338,TX,Texas,US,United States
Revere,51755,MA,Massachusetts,US,United States
Revere,95,MN,Minnesota,US,United States
Revere,79,MO,Missouri,US,United States
Richlands,1520,NC,North Carolina,US,United States
Richlands,5823,VA,Virginia,US,United States
Richmond,103701,CA,California,US,United States
Richmond,1557,IL,Illinois,US,United States
Richmond,36812,IN,Indiana,US,United States
Richmond,464,KS,Kansas,US,United States
Richmond,31364,KY,Kentucky,US,United States
Richmond,577,LA,Louisiana,US,United States
Richmond,1760,ME,Maine,US,United States
Richmond,1632,MA,Massachusetts,US,United States
Richmond,5735,MI,Michigan,US,United States
Richmond,1422,MN,Minnesota,US,United States
Richmond,5797,MO,Missouri,US,United States
Richmond,1147,NH,New Hampshire,US,United States
Richmond,481,OH,Ohio,US,United States
Richmond,11679,TX,Texas,US,United States
Richmond,2470,UT,Utah,US,United States
Richmond,723,VT,Vermont,US,United States
Richmond,204214,VA,Virginia,US,United States
Ridgewood,24958,NJ,New Jersey,US,United States
Riverhead,13299,NY,New York,US,United States
Rochester,3689,IL,Illinois,US,United States
Rochester,6218,IN,Indiana,US,United States
Rochester,133,IA,Iowa,US,United States
Rochester,152,KY,Kentucky,US,United States
Rochester,4661,MA,Massachusetts,US,United States
Rochester,12711,MI,Michigan,US,United States
Rochester,106769,MN,Minnesota,US,United States
Rochester,29752,NH,New Hampshire,US,United States
Rochester,210565,NY,New York,US,United States
Rochester,182,OH,Ohio,US,United States
Rochester,3657,PA,Pennsylvania,US,United States
Rochester,324,TX,Texas,US,United States
Rochester,299,VT,Vermont,US,United States
Rochester,2388,WA,Washington,US,United States
Rochester,3682,WI,Wisconsin,US,United States
Rockville,43,AL,Alabama,US,United States
Rockville,7474,CT,Connecticut,US,United States
Rockville,2607,IN,Indiana,US,United States
Rockville,61209,MD,Maryland,US,United States
Rockville,2448,MN,Minnesota,US,United States
Rockville,166,MO,Missouri,US,United States
Rockville,106,NE,Nebraska,US,United States
Rockville,134,SC,South Carolina,US,United States
Rockville,245,UT,Utah,US,United States
Rockwood,42,IL,Illinois,US,United States
Rockwood,3289,MI,Michigan,US,United States
Rockwood,890,PA,Pennsylvania,US,United States
Rockwood,5562,TN,Tennessee,US,United States
Roseville,118788,CA,California,US,United States
Roseville,989,IL,Illinois,US,United States
Roseville,49,IA,Iowa,US,United States
Roseville,47299,MI,Michigan,US,United States
Roseville,33660,MN,Minnesota,US,United States
Roseville,1852,OH,Ohio,US,United States
Roseville,189,PA,Pennsylvania,US,United States
Rosharon,1152,TX,Texas,US,United States
Royal Oak,57236,MI,Michigan,US,United States
Ruskin,17208,FL,Florida,US,United States
Ruskin,123,NE,Nebraska,US,United States
Sacramento,466488,CA,California,US,United States
Sacramento,468,KY,Kentucky,US,United States
Sacramento,58,NM,New Mexico,US,United States
Safety Harbor,16884,FL,Florida,US,United States
Saint Helens,12883,OR,Oregon,US,United States
Saint Pete Beach,9346,FL,Florida,US,United States
Saint Petersburg,244769,FL,Florida,US,United States
Saint Petersburg,400,PA,Pennsylvania,US,United States
San Francisco,805235,CA,California,US,United States
San Jose,506,AZ,Arizona,US,United States
San Jose,945942,CA,California,US,United States
San Jose,642,IL,Illinois,US,United States
San Jose,137,NM,New Mexico,US,United States
San Martin,7027,CA,California,US,United States
Sans Souci,7869,SC,South Carolina,US,United States
Santa Barbara,88410,CA,California,US,United States
Santa Monica,89736,CA,California,US,United States
Santa Monica,83,TX,Texas,US,United States
Santa Rosa,628,AZ,Arizona,US,United States
Santa Rosa,167815,CA,California,US,United States
Santa Rosa,2848,NM,New Mexico,US,United States
Santa Rosa,2873,TX,Texas,US,United States
Saratoga,29926,CA,California,US,United States
Saratoga,254,IN,Indiana,US,United States
Saratoga,408,NC,North Carolina,US,United States
Saratoga,1690,WY,Wyoming,US,United States
Saugus,26628,MA,Massachusetts,US,United States
Sausalito,7061,CA,California,US,United States
Seattle,608660,WA,Washington,US,United States
Sheffield,9039,AL,Alabama,US,United States
Sheffield,926,IL,Illinois,US,United States
Sheffield,1172,IA,Iowa,US,United States
Sheffield,3393,MA,Massachusetts,US,United States
Sheffield,3982,OH,Ohio,US,United States
Sheffield,1132,PA,Pennsylvania,US,United States
Sherman Oaks,52677,CA,California,US,United States
Silver Spring,71452,MD,Maryland,US,United States
Somerville,724,AL,Alabama,US,United States
Somerville,293,IN,Indiana,US,United States
Somerville,529,ME,Maine,US,United States
Somerville,75754,MA,Massachusetts,US,United States
Somerville,12098,NJ,New Jersey,US,United States
Somerville,281,OH,Ohio,US,United States
Somerville,3094,TN,Tennessee,US,United States
Somerville,1376,TX,Texas,US,United States
Soquel,9644,CA,California,US,United States
South Boston,571281,MA,Massachusetts,US,United States
South Boston,8142,VA,Virginia,US,United States
South Pasadena,25619,CA,California,US,United States
South Pasadena,4964,FL,Florida,US,United States
South San Francisco,63632,CA,California,US,United States
Southport,1585,CT,Connecticut,US,United States
Southport,1712,IN,Indiana,US,United States
Southport,711,ME,Maine,US,United States
Southport,7238,NY,New York,US,United States
Southport,2833,NC,North Carolina,US,United States
Spring,3323,PA,Pennsylvania,US,United States
Spring,1981,TN,Tennessee,US,United States
Spring,54298,TX,Texas,US,United States
Spring,988,UT,Utah,US,United States
Stafford,12029,CT,Connecticut,US,United States
Stafford,1042,KS,Kansas,US,United States
Stafford,81,OH,Ohio,US,United States
Stafford,1577,OR,Oregon,US,United States
Stafford,17693,TX,Texas,US,United States
Stirling,295,CA,California,US,United States
Stockport,296,IA,Iowa,US,United States
Stockport,503,OH,Ohio,US,United States
Stoneham,21437,MA,Massachusetts,US,United States
Subiaco,572,AR,Arkansas,US,United States
Sugar Land,78817,TX,Texas,US,United States
Sun Center,19258,FL,Florida,US,United States
Sunnyside,4235,CA,California,US,United States
Sunnyside,1303,GA,Georgia,US,United States
Sunnyside,6791,OR,Oregon,US,United States
Sunnyside,377,UT,Utah,US,United States
Sunnyside,15858,WA,Washington,US,United States
Sunnyvale,140081,CA,California,US,United States
Sunnyvale,5130,TX,Texas,US,United States
Sunol,913,CA,California,US,United States
Sunol,73,NE,Nebraska,US,United States
Sutton,9215,MA,Massachusetts,US,United States
Sutton,1502,NE,Nebraska,US,United States
Sutton,1644,NH,New Hampshire,US,United States
Sutton,17,ND,North Dakota,US,United States
Sutton,994,WV,West Virginia,US,United States
Takoma Park,16715,MD,Maryland,US,United States
Tampa,335709,FL,Florida,US,United States
Tampa,112,KS,Kansas,US,United States
Tarpon Springs,23484,FL,Florida,US,United States
Tempe,161719,AZ,Arizona,US,United States
Tierra Verde,3721,FL,Florida,US,United States
Torrance,145438,CA,California,US,United States
Trafford,646,AL,Alabama,US,United States
Trafford,3174,PA,Pennsylvania,US,United States
Trenton,1999,FL,Florida,US,United States
Trenton,2301,GA,Georgia,US,United States
Trenton,2715,IL,Illinois,US,United States
Trenton,384,KY,Kentucky,US,United States
Trenton,1424,ME,Maine,US,United States
Trenton,18853,MI,Michigan,US,United States
Trenton,6001,MO,Missouri,US,United States
Trenton,560,NE,Nebraska,US,United States
Trenton,84913,NJ,New Jersey,US,United States
Trenton,287,NC,North Carolina,US,United States
Trenton,11869,OH,Ohio,US,United States
Trenton,196,SC,South Carolina,US,United States
Trenton,4264,TN,Tennessee,US,United States
Trenton,635,TX,Texas,US,United States
Trenton,464,UT,Utah,US,United States
Troy,18033,AL,Alabama,US,United States
Troy,862,ID,Idaho,US,United States
Troy,9888,IL,Illinois,US,United States
Troy,385,IN,Indiana,US,United States
Troy,1010,KS,Kansas,US,United States
Troy,1001,ME,Maine,US,United States
Troy,80980,MI,Michigan,US,United States
Troy,10540,MO,Missouri,US,United States
Troy,938,MT,Montana,US,United States
Troy,1221,NH,New Hampshire,US,United States
Troy,50129,NY,New York,US,United States
Troy,3189,NC,North Carolina,US,United States
Troy,25058,OH,Ohio,US,United States
Troy,1354,PA,Pennsylvania,US,United States
Troy,93,SC,South Carolina,US,United States
Troy,1371,TN,Tennessee,US,United States
Troy,1645,TX,Texas,US,United States
Troy,243,VT,Vermont,US,United States
Tukwila,19107,WA,Washington,US,United States
Universal,105000,CA,California,US,United States
Universal,362,IN,Indiana,US,United States
Universal,18530,TX,Texas,US,United States
Upper Marlboro,631,MD,Maryland,US,United States
Valley,9524,AL,Alabama,US,United States
Valley,13,IL,Illinois,US,United States
Valley,1875,NE,Nebraska,US,United States
Valley,6585,ND,North Dakota,US,United States
Valley,146,WA,Washington,US,United States
Valrico,35545,FL,Florida,US,United States
Venice,20748,FL,Florida,US,United States
Venice,1890,IL,Illinois,US,United States
Venice,202,LA,Louisiana,US,United States
Venice,75,NE,Nebraska,US,United States
Versailles,478,IL,Illinois,US,United States
Versailles,2113,IN,Indiana,US,United States
Versailles,8568,KY,Kentucky,US,United States
Versailles,2482,MO,Missouri,US,United States
Versailles,2687,OH,Ohio,US,United States
Versailles,1515,PA,Pennsylvania,US,United States
Wakefield,980,KS,Kansas,US,United States
Wakefield,24932,MA,Massachusetts,US,United States
Wakefield,1851,MI,Michigan,US,United States
Wakefield,1451,NE,Nebraska,US,United States
Wakefield,4705,NH,New Hampshire,US,United States
Wakefield,609,PA,Pennsylvania,US,United States
Wakefield,927,VA,Virginia,US,United States
Walkerville,247,MI,Michigan,US,United States
Walkerville,675,MT,Montana,US,United States
Waltham,318,ME,Maine,US,United States
Waltham,60632,MA,Massachusetts,US,United States
Waltham,151,MN,Minnesota,US,United States
Warren,6003,AR,Arkansas,US,United States
Warren,1428,IL,Illinois,US,United States
Warren,1239,IN,Indiana,US,United States
Warren,3945,ME,Maine,US,United States
Warren,1405,MA,Massachusetts,US,United States
Warren,134056,MI,Michigan,US,United States
Warren,1563,MN,Minnesota,US,United States
Warren,930,NH,New Hampshire,US,United States
Warren,41557,OH,Ohio,US,United States
Warren,1787,OR,Oregon,US,United States
Warren,9710,PA,Pennsylvania,US,United States
Warren,11280,RI,Rhode Island,US,United States
Warren,298,TX,Texas,US,United States
Warrington,14531,FL,Florida,US,United States
Waterford,8456,CA,California,US,United States
Waterford,75737,MI,Michigan,US,United States
Waterford,1990,NY,New York,US,United States
Waterford,450,OH,Ohio,US,United States
Waterford,1460,PA,Pennsylvania,US,United States
Waterford,5368,WI,Wisconsin,US,United States
Waterloo,203,AL,Alabama,US,United States
Waterloo,572,CA,California,US,United States
Waterloo,9811,IL,Illinois,US,United States
Waterloo,2209,IN,Indiana,US,United States
Waterloo,68406,IA,Iowa,US,United States
Waterloo,848,NE,Nebraska,US,United States
Waterloo,5171,NY,New York,US,United States
Waterloo,229,OR,Oregon,US,United States
Waterloo,166,SC,South Carolina,US,United States
Waterloo,3333,WI,Wisconsin,US,United States
Watertown,3574,CT,Connecticut,US,United States
Watertown,2829,FL,Florida,US,United States
Watertown,31915,MA,Massachusetts,US,United States
Watertown,4205,MN,Minnesota,US,United States
Watertown,27023,NY,New York,US,United States
Watertown,21482,SD,South Dakota,US,United States
Watertown,1477,TN,Tennessee,US,United States
Watertown,23861,WI,Wisconsin,US,United States
Watson,211,AR,Arkansas,US,United States
Watson,754,IL,Illinois,US,United States
Watson,1047,LA,Louisiana,US,United States
Watson,205,MN,Minnesota,US,United States
Watson,100,MO,Missouri,US,United States
Webster,785,FL,Florida,US,United States
Webster,88,IA,Iowa,US,United States
Webster,85,ME,Maine,US,United States
Webster,11412,MA,Massachusetts,US,United States
Webster,1682,NH,New Hampshire,US,United States
Webster,5399,NY,New York,US,United States
Webster,363,NC,North Carolina,US,United States
Webster,255,PA,Pennsylvania,US,United States
Webster,1886,SD,South Dakota,US,United States
Webster,10400,TX,Texas,US,United States
Webster,653,WI,Wisconsin,US,United States
Wesley Chapel,44092,FL,Florida,US,United States
Wesley Chapel,7463,NC,North Carolina,US,United States
West Hollywood,34399,CA,California,US,United States
West Orange,48131,NJ,New Jersey,US,United States
West Orange,3443,TX,Texas,US,United States
Weston,384,AL,Alabama,US,United States
Weston,55,CO,Colorado,US,United States
Weston,65333,FL,Florida,US,United States
Weston,69,GA,Georgia,US,United States
Weston,437,ID,Idaho,US,United States
Weston,92,IA,Iowa,US,United States
Weston,211,ME,Maine,US,United States
Weston,11682,MA,Massachusetts,US,United States
Weston,1641,MO,Missouri,US,United States
Weston,324,NE,Nebraska,US,United States
Weston,1235,NJ,New Jersey,US,United States
Weston,1590,OH,Ohio,US,United States
Weston,667,OR,Oregon,US,United States
Weston,321,PA,Pennsylvania,US,United States
Weston,563,TX,Texas,US,United States
Weston,4110,WV,West Virginia,US,United States
Weston,14868,WI,Wisconsin,US,United States
Westwood,1647,CA,California,US,United States
Westwood,112,IA,Iowa,US,United States
Westwood,1506,KS,Kansas,US,United States
Westwood,634,KY,Kentucky,US,United States
Westwood,14029,MA,Massachusetts,US,United States
Westwood,8653,MI,Michigan,US,United States
Westwood,278,MO,Missouri,US,United States
Westwood,10908,NJ,New Jersey,US,United States
Westwood,950,PA,Pennsylvania,US,United States
Winchester,167,AR,Arkansas,US,United States
Winchester,2534,CA,California,US,United States
Winchester,340,ID,Idaho,US,United States
Winchester,1593,IL,Illinois,US,United States
Winchester,4935,IN,Indiana,US,United States
Winchester,551,KS,Kansas,US,United States
Winchester,18368,KY,Kentucky,US,United States
Winchester,21374,MA,Massachusetts,US,United States
Winchester,1547,MO,Missouri,US,United States
Winchester,27978,NV,Nevada,US,United States
Winchester,1733,NH,New Hampshire,US,United States
Winchester,1051,OH,Ohio,US,United States
Winchester,516,OK,Oklahoma,US,United States
Winchester,8530,TN,Tennessee,US,United States
Winchester,26203,VA,Virginia,US,United States
Winchester,671,WI,Wisconsin,US,United States
Winchester,61,WY,Wyoming,US,United States
Windsor,26801,CA,California,US,United States
Windsor,18644,CO,Colorado,US,United States
Windsor,1187,IL,Illinois,US,United States
Windsor,2291,ME,Maine,US,United States
Windsor,890,MA,Massachusetts,US,United States
Windsor,2901,MO,Missouri,US,United States
Windsor,916,NY,New York,US,United States
Windsor,2192,NC,North Carolina,US,United States
Windsor,1319,PA,Pennsylvania,US,United States
Windsor,121,SC,South Carolina,US,United States
Windsor,2066,VT,Vermont,US,United States
Windsor,2626,VA,Virginia,US,United States
Windsor,3573,WI,Wisconsin,US,United States
Woburn,38120,MA,Massachusetts,US,United States
Woden,229,IA,Iowa,US,United States
Woodhaven,12875,MI,Michigan,US,United States
Woodland Hills,696,KY,Kentucky,US,United States
Woodland Hills,1344,UT,Utah,US,United States
Woodside,5287,CA,California,US,United States
Woodside,181,DE,Delaware,US,United States
Woodside,2425,PA,Pennsylvania,US,United States
Yorba Linda,64234,CA,California,US,United States
