,city,population,state_code,state_name,country_code,country_name,State,Abbreviation
0,Adelaide,1074159,SA,South Australia,AU,Australia,South Australia,SA
1,Armadale,8467,VIC,Victoria,AU,Australia,Victoria,VIC
2,Armadale,12021,WA,Western Australia,AU,Australia,Western Australia,WA
3,Auburn,663,SA,South Australia,AU,Australia,South Australia,SA
4,Belconnen,3057,ACT,Canberra,AU,Australia,Canberra,ACT
5,Bellevue,1667,WA,Western Australia,AU,Australia,Western Australia,WA
6,Belmont,1165,NSW,New South Wales,AU,Australia,New South Wales,NSW
7,Belrose,300,NSW,New South Wales,AU,Australia,New South Wales,NSW
8,Birkenhead,1679,SA,South Australia,AU,Australia,South Australia,SA
9,Botany,7455,NSW,New South Wales,AU,Australia,New South Wales,NSW
10,Brighton,8600,QLD,Queensland,AU,Australia,Queensland,QLD
11,Brighton,3336,SA,South Australia,AU,Australia,South Australia,SA
12,Brisbane,958504,QLD,Queensland,AU,Australia,Queensland,QLD
13,Brookfield,3168,VIC,Victoria,AU,Australia,Victoria,VIC
14,Brunswick,19867,VIC,Victoria,AU,Australia,Victoria,VIC
15,Burswood,1278,WA,Western Australia,AU,Australia,Western Australia,WA
16,Buxton,1698,NSW,New South Wales,AU,Australia,New South Wales,NSW
17,Bywong,784,NSW,New South Wales,AU,Australia,New South Wales,NSW
18,Cambridge,1191,TAS,Tasmania,AU,Australia,Tasmania,TAS
19,Canberra,327700,ACT,Canberra,AU,Australia,Canberra,ACT
20,Carlton,996,TAS,Tasmania,AU,Australia,Tasmania,TAS
21,Castle Hill,35389,NSW,New South Wales,AU,Australia,New South Wales,NSW
22,Caulfield,4790,VIC,Victoria,AU,Australia,Victoria,VIC
23,Caversham,2508,WA,Western Australia,AU,Australia,Western Australia,WA
24,Charlestown,11725,NSW,New South Wales,AU,Australia,New South Wales,NSW
25,Chatswood,7777,NSW,New South Wales,AU,Australia,New South Wales,NSW
26,Cheltenham,2176,SA,South Australia,AU,Australia,South Australia,SA
27,Chippendale,4066,NSW,New South Wales,AU,Australia,New South Wales,NSW
28,Claremont,7504,TAS,Tasmania,AU,Australia,Tasmania,TAS
29,Claremont,7152,WA,Western Australia,AU,Australia,Western Australia,WA
30,Cleveland,13776,QLD,Queensland,AU,Australia,Queensland,QLD
31,Clovelly,4428,NSW,New South Wales,AU,Australia,New South Wales,NSW
32,Concord,13008,NSW,New South Wales,AU,Australia,New South Wales,NSW
33,Coogee,13179,NSW,New South Wales,AU,Australia,New South Wales,NSW
34,Coogee,4312,WA,Western Australia,AU,Australia,Western Australia,WA
35,Cottesloe,7065,WA,Western Australia,AU,Australia,Western Australia,WA
36,Cremorne,1817,NSW,New South Wales,AU,Australia,New South Wales,NSW
37,Croydon,9645,NSW,New South Wales,AU,Australia,New South Wales,NSW
38,Darlinghurst,10128,NSW,New South Wales,AU,Australia,New South Wales,NSW
39,Dee Why,17463,NSW,New South Wales,AU,Australia,New South Wales,NSW
40,East Fremantle,6698,WA,Western Australia,AU,Australia,Western Australia,WA
41,East Melbourne,4330,VIC,Victoria,AU,Australia,Victoria,VIC
42,Forest Hill,1939,NSW,New South Wales,AU,Australia,New South Wales,NSW
43,Forest Hill,9315,VIC,Victoria,AU,Australia,Victoria,VIC
44,Forestville,7803,NSW,New South Wales,AU,Australia,New South Wales,NSW
45,Fortitude Valley,4469,QLD,Queensland,AU,Australia,Queensland,QLD
46,Fremantle,7459,WA,Western Australia,AU,Australia,Western Australia,WA
47,Fullarton,4083,SA,South Australia,AU,Australia,South Australia,SA
48,Fyshwick,54,ACT,Canberra,AU,Australia,Canberra,ACT
49,Glenorchy,10062,TAS,Tasmania,AU,Australia,Tasmania,TAS
50,Goodwood,1121,TAS,Tasmania,AU,Australia,Tasmania,TAS
51,Gordon,5993,NSW,New South Wales,AU,Australia,New South Wales,NSW
52,Grange,5238,SA,South Australia,AU,Australia,South Australia,SA
53,Greenwich,5053,NSW,New South Wales,AU,Australia,New South Wales,NSW
54,Griffith,15455,NSW,New South Wales,AU,Australia,New South Wales,NSW
55,Guildford,1942,WA,Western Australia,AU,Australia,Western Australia,WA
56,Hall,336,ACT,Canberra,AU,Australia,Canberra,ACT
57,Hawker,363,SA,South Australia,AU,Australia,South Australia,SA
58,Haymarket,4310,NSW,New South Wales,AU,Australia,New South Wales,NSW
59,Hillarys,10160,WA,Western Australia,AU,Australia,Western Australia,WA
60,Hindmarsh,127,SA,South Australia,AU,Australia,South Australia,SA
61,Hobart,47700,TAS,Tasmania,AU,Australia,Tasmania,TAS
62,Hope Valley,8223,SA,South Australia,AU,Australia,South Australia,SA
63,Hornsby,18800,NSW,New South Wales,AU,Australia,New South Wales,NSW
64,Ilford,240,NSW,New South Wales,AU,Australia,New South Wales,NSW
65,Inglewood,950,QLD,Queensland,AU,Australia,Queensland,QLD
66,Kaleen,7586,ACT,Canberra,AU,Australia,Canberra,ACT
67,Kensington,10847,NSW,New South Wales,AU,Australia,New South Wales,NSW
68,Lane Cove,2201,NSW,New South Wales,AU,Australia,New South Wales,NSW
69,Leichhardt,12247,NSW,New South Wales,AU,Australia,New South Wales,NSW
70,Liverpool,21317,NSW,New South Wales,AU,Australia,New South Wales,NSW
71,Lobethal,2219,SA,South Australia,AU,Australia,South Australia,SA
72,Macclesfield,1469,SA,South Australia,AU,Australia,South Australia,SA
73,Macquarie,2385,ACT,Canberra,AU,Australia,Canberra,ACT
74,Manly,13950,NSW,New South Wales,AU,Australia,New South Wales,NSW
75,Marrickville,23161,NSW,New South Wales,AU,Australia,New South Wales,NSW
76,Maylands,10447,WA,Western Australia,AU,Australia,Western Australia,WA
77,Medindie,343,SA,South Australia,AU,Australia,South Australia,SA
78,Melbourne,3730206,VIC,Victoria,AU,Australia,Victoria,VIC
79,Melrose,429,SA,South Australia,AU,Australia,South Australia,SA
80,Melville,4822,WA,Western Australia,AU,Australia,Western Australia,WA
81,Merrylands,5803,NSW,New South Wales,AU,Australia,New South Wales,NSW
82,Middle Swan,2617,WA,Western Australia,AU,Australia,Western Australia,WA
83,Midland,3936,WA,Western Australia,AU,Australia,Western Australia,WA
84,Milton,1580,NSW,New South Wales,AU,Australia,New South Wales,NSW
85,Montrose,6465,VIC,Victoria,AU,Australia,Victoria,VIC
86,Neutral Bay,10276,NSW,New South Wales,AU,Australia,New South Wales,NSW
87,New Brighton,274,NSW,New South Wales,AU,Australia,New South Wales,NSW
88,New Town,5870,TAS,Tasmania,AU,Australia,Tasmania,TAS
89,Newcastle,497955,NSW,New South Wales,AU,Australia,New South Wales,NSW
90,Newtown,13552,NSW,New South Wales,AU,Australia,New South Wales,NSW
91,North Beach,2950,WA,Western Australia,AU,Australia,Western Australia,WA
92,North Fremantle,2586,WA,Western Australia,AU,Australia,Western Australia,WA
93,North Ryde,17208,NSW,New South Wales,AU,Australia,New South Wales,NSW
94,North Shore,207241,NSW,New South Wales,AU,Australia,New South Wales,NSW
95,Oconnor,275,WA,Western Australia,AU,Australia,Western Australia,WA
96,One Tree Hill,1266,SA,South Australia,AU,Australia,South Australia,SA
97,Palmerston,25000,,Northern Territory,AU,Australia,,
98,Paradise,6327,SA,South Australia,AU,Australia,South Australia,SA
99,Parkville,718,NSW,New South Wales,AU,Australia,New South Wales,NSW
100,Perth,2238,TAS,Tasmania,AU,Australia,Tasmania,TAS
101,Perth,1446704,WA,Western Australia,AU,Australia,Western Australia,WA
102,Port Melbourne,13293,VIC,Victoria,AU,Australia,Victoria,VIC
103,Prospect,12382,SA,South Australia,AU,Australia,South Australia,SA
104,Randwick,25819,NSW,New South Wales,AU,Australia,New South Wales,NSW
105,Red Hill,5406,QLD,Queensland,AU,Australia,Queensland,QLD
106,Redfern,11482,NSW,New South Wales,AU,Australia,New South Wales,NSW
107,Richmond,5560,NSW,New South Wales,AU,Australia,New South Wales,NSW
108,Richmond,880,TAS,Tasmania,AU,Australia,Tasmania,TAS
109,Rosebery,1035,TAS,Tasmania,AU,Australia,Tasmania,TAS
110,Saint Kilda,16122,VIC,Victoria,AU,Australia,Victoria,VIC
111,Sandy Bay,11334,TAS,Tasmania,AU,Australia,Tasmania,TAS
112,Sheffield,1034,TAS,Tasmania,AU,Australia,Tasmania,TAS
113,Somerville,7015,VIC,Victoria,AU,Australia,Victoria,VIC
114,South Brisbane,60000,QLD,Queensland,AU,Australia,Queensland,QLD
115,South Melbourne,8790,VIC,Victoria,AU,Australia,Victoria,VIC
116,South Perth,11301,WA,Western Australia,AU,Australia,Western Australia,WA
117,Southport,24096,QLD,Queensland,AU,Australia,Queensland,QLD
118,Stirling,2867,SA,South Australia,AU,Australia,South Australia,SA
119,Stockport,235,SA,South Australia,AU,Australia,South Australia,SA
120,Subiaco,7627,WA,Western Australia,AU,Australia,Western Australia,WA
121,Sydney,4394576,NSW,New South Wales,AU,Australia,New South Wales,NSW
122,Thebarton,1327,SA,South Australia,AU,Australia,South Australia,SA
123,Toorak,13127,VIC,Victoria,AU,Australia,Victoria,VIC
124,Unley,3585,SA,South Australia,AU,Australia,South Australia,SA
125,Wayville,1734,SA,South Australia,AU,Australia,South Australia,SA
126,West Perth,3806,WA,Western Australia,AU,Australia,Western Australia,WA
127,Westwood,251,QLD,Queensland,AU,Australia,Queensland,QLD
128,Windsor,6164,QLD,Queensland,AU,Australia,Queensland,QLD
129,Windsor,6394,VIC,Victoria,AU,Australia,Victoria,VIC
130,Woodside,1969,SA,South Australia,AU,Australia,South Australia,SA
131,Waterloo,28910,WAL,Walloon Region,BE,Belgium,,
132,Brandon,26234,,Manitoba,CA,Canada,,
133,Burlington,164415,,Ontario,CA,Canada,,
134,Cambridge,120372,,Ontario,CA,Canada,,
135,Chester,1531,,Nova Scotia,CA,Canada,,
136,Collingwood,15809,,Ontario,CA,Canada,,
137,Concord,8255,,Ontario,CA,Canada,,
138,Forestville,3543,,Quebec,CA,Canada,,
139,Halifax,359111,,Nova Scotia,CA,Canada,,
140,Houston,2884,,British Columbia,CA,Canada,,
141,Kensington,1424,,Prince Edward Island,CA,Canada,,
142,Kirkland,20491,,Quebec,CA,Canada,,
143,London,346765,,Ontario,CA,Canada,,
144,Melville,4279,,Saskatchewan,CA,Canada,,
145,Midland,31502,,Ontario,CA,Canada,,
146,Paris,11177,,Ontario,CA,Canada,,
147,Pasadena,2248,,Newfoundland And Labrador,CA,Canada,,
148,Perth,6481,,Ontario,CA,Canada,,
149,Renfrew,8018,,Ontario,CA,Canada,,
150,Richmond,182000,,British Columbia,CA,Canada,,
151,Richmond,3485,,Quebec,CA,Canada,,
152,Sutton,3805,,Quebec,CA,Canada,,
153,Sydney,105968,,Nova Scotia,CA,Canada,,
154,Wakefield,2000,,Quebec,CA,Canada,,
155,Waterloo,97475,,Ontario,CA,Canada,,
156,Waterloo,4064,,Quebec,CA,Canada,,
157,Windsor,3864,,Nova Scotia,CA,Canada,,
158,Windsor,278013,,Ontario,CA,Canada,,
159,Windsor,5408,,Quebec,CA,Canada,,
160,Ayer,681,VS,Valais,CH,Switzerland,,
161,Bellevue,3674,GE,Geneva,CH,Switzerland,,
162,Martinez,187,,Castille And Leon,ES,Spain,,
163,Santa Barbara,3689,,Catalonia,ES,Spain,,
164,Arcueil,17308,A8,Ile-De-France,FR,France,,
165,Bay,79,A6,Franche-Comte,FR,France,,
166,Bay,149,B6,Picardie,FR,France,,
167,Belmont,158,C1,Alsace,FR,France,,
168,Belmont,48,A4,Champagne-Ardenne,FR,France,,
169,Belmont,62,A6,Franche-Comte,FR,France,,
170,Belmont,158,B3,Midi-Pyrenees,FR,France,,
171,Belmont,437,B9,Rhone-Alpes,FR,France,,
172,Boulogne Billancourt,108782,A8,Ile-De-France,FR,France,,
173,Brandon,250,A1,Bourgogne,FR,France,,
174,Courbevoie,85158,A8,Ile-De-France,FR,France,,
175,Curtin,1644,B9,Rhone-Alpes,FR,France,,
176,Elancourt,30831,A8,Ile-De-France,FR,France,,
177,Fresnes,83,A1,Bourgogne,FR,France,,
178,Fresnes,843,A3,Centre,FR,France,,
179,Fresnes,24803,A8,Ile-De-France,FR,France,,
180,Island,209,A1,Bourgogne,FR,France,,
181,Joinville Le Pont,18154,A8,Ile-De-France,FR,France,,
182,Levallois Perret,62178,A8,Ile-De-France,FR,France,,
183,Montreuil,513,A3,Centre,FR,France,,
184,Montreuil,90652,A8,Ile-De-France,FR,France,,
185,Montreuil,2715,B4,Nord-Pas-De-Calais,FR,France,,
186,Montreuil,698,B5,Pays De La Loire,FR,France,,
187,Paris,2138551,A8,Ile-De-France,FR,France,,
188,Plailly,1661,B6,Picardie,FR,France,,
189,Pontault Combault,34798,A8,Ile-De-France,FR,France,,
190,Puteaux,40646,A8,Ile-De-France,FR,France,,
191,Quincy,789,A3,Centre,FR,France,,
192,Saint Brice Sous Foret,13606,A8,Ile-De-France,FR,France,,
193,Saint Denis,663,A1,Bourgogne,FR,France,,
194,Saint Denis,96128,A8,Ile-De-France,FR,France,,
195,Saint Denis,201,A9,Languedoc-Roussillon,FR,France,,
196,Thiais,29724,A8,Ile-De-France,FR,France,,
197,Torcy,3065,A1,Bourgogne,FR,France,,
198,Torcy,24386,A8,Ile-De-France,FR,France,,
199,Torcy,169,B4,Nord-Pas-De-Calais,FR,France,,
200,Versailles,85416,A8,Ile-De-France,FR,France,,
201,Acton,311,ENG,England,GB,United Kingdom,,
202,Alderley Edge,4408,ENG,England,GB,United Kingdom,,
203,Alexandria,13079,SCT,Scotland,GB,United Kingdom,,
204,Altrincham,41548,ENG,England,GB,United Kingdom,,
205,Appley Bridge,5270,ENG,England,GB,United Kingdom,,
206,Armadale,9026,SCT,Scotland,GB,United Kingdom,,
207,Ascot,17899,ENG,England,GB,United Kingdom,,
208,Ashton Under Lyne,43675,ENG,England,GB,United Kingdom,,
209,Bakewell,3758,ENG,England,GB,United Kingdom,,
210,Barnsley,71447,ENG,England,GB,United Kingdom,,
211,Bayswater,17500,ENG,England,GB,United Kingdom,,
212,Belfast,274770,NIR,N Ireland,GB,United Kingdom,,
213,Belmont,3382,ENG,England,GB,United Kingdom,,
214,Bethesda,4565,WLS,Wales,GB,United Kingdom,,
215,Birkenhead,81805,ENG,England,GB,United Kingdom,,
216,Birmingham,984333,ENG,England,GB,United Kingdom,,
217,Blackpool,143101,ENG,England,GB,United Kingdom,,
218,Bolton,141331,ENG,England,GB,United Kingdom,,
219,Boston,35859,ENG,England,GB,United Kingdom,,
220,Braintree,46765,ENG,England,GB,United Kingdom,,
221,Brandon,8440,ENG,England,GB,United Kingdom,,
222,Brighton,139001,ENG,England,GB,United Kingdom,,
223,Burnley,73480,ENG,England,GB,United Kingdom,,
224,Buxton,21300,ENG,England,GB,United Kingdom,,
225,Cambridge,128488,ENG,England,GB,United Kingdom,,
226,Chelsea,60000,ENG,England,GB,United Kingdom,,
227,Cheltenham,103249,ENG,England,GB,United Kingdom,,
228,Chester,77040,ENG,England,GB,United Kingdom,,
229,Chorley,33888,ENG,England,GB,United Kingdom,,
230,Clydebank,29867,SCT,Scotland,GB,United Kingdom,,
231,Congleton,26030,ENG,England,GB,United Kingdom,,
232,Crawley,107061,ENG,England,GB,United Kingdom,,
233,Daresbury,4122,ENG,England,GB,United Kingdom,,
234,Dorchester,16879,ENG,England,GB,United Kingdom,,
235,Dundonald,2399,SCT,Scotland,GB,United Kingdom,,
236,Ellesmere Port,67768,ENG,England,GB,United Kingdom,,
237,Fallowfield,14132,ENG,England,GB,United Kingdom,,
238,Ferndale,7947,WLS,Wales,GB,United Kingdom,,
239,Flint,12068,WLS,Wales,GB,United Kingdom,,
240,Glasgow,610268,SCT,Scotland,GB,United Kingdom,,
241,Guildford,71873,ENG,England,GB,United Kingdom,,
242,Halifax,82624,ENG,England,GB,United Kingdom,,
243,Hebden Bridge,4177,ENG,England,GB,United Kingdom,,
244,Hertford,25847,ENG,England,GB,United Kingdom,,
245,High Peak,92600,ENG,England,GB,United Kingdom,,
246,Holywell,6969,WLS,Wales,GB,United Kingdom,,
247,Holywood,13109,NIR,N Ireland,GB,United Kingdom,,
248,Hope Valley,1001,ENG,England,GB,United Kingdom,,
249,Horwich,18696,ENG,England,GB,United Kingdom,,
250,Houston,7031,SCT,Scotland,GB,United Kingdom,,
251,Huddersfield,149017,ENG,England,GB,United Kingdom,,
252,Hull,302296,ENG,England,GB,United Kingdom,,
253,Knutsford,12938,ENG,England,GB,United Kingdom,,
254,Leeds,455123,ENG,England,GB,United Kingdom,,
255,Leigh,43626,ENG,England,GB,United Kingdom,,
256,Littleborough,13807,ENG,England,GB,United Kingdom,,
257,Liverpool,468945,ENG,England,GB,United Kingdom,,
258,London,7556900,ENG,England,GB,United Kingdom,,
259,Luton,193669,ENG,England,GB,United Kingdom,,
260,Lyneham,5437,ENG,England,GB,United Kingdom,,
261,Macclesfield,51739,ENG,England,GB,United Kingdom,,
262,Manchester,395515,ENG,England,GB,United Kingdom,,
263,Melbourne,4404,ENG,England,GB,United Kingdom,,
264,Melrose,1640,SCT,Scotland,GB,United Kingdom,,
265,Milford,6220,ENG,England,GB,United Kingdom,,
266,Milngavie,12999,SCT,Scotland,GB,United Kingdom,,
267,Milton,945,SCT,Scotland,GB,United Kingdom,,
268,Montrose,10620,SCT,Scotland,GB,United Kingdom,,
269,Nantwich,13746,ENG,England,GB,United Kingdom,,
270,Neston,15352,ENG,England,GB,United Kingdom,,
271,Newcastle,7444,NIR,N Ireland,GB,United Kingdom,,
272,Newtown,12783,WLS,Wales,GB,United Kingdom,,
273,Newtownabbey,63860,NIR,N Ireland,GB,United Kingdom,,
274,Oldham,104782,ENG,England,GB,United Kingdom,,
275,Ormskirk,23792,ENG,England,GB,United Kingdom,,
276,Paisley,73074,SCT,Scotland,GB,United Kingdom,,
277,Perth,43633,SCT,Scotland,GB,United Kingdom,,
278,Portsmouth,194150,ENG,England,GB,United Kingdom,,
279,Prescot,40889,ENG,England,GB,United Kingdom,,
280,Prestatyn,18701,WLS,Wales,GB,United Kingdom,,
281,Preston,190687,ENG,England,GB,United Kingdom,,
282,Queensbury,8912,ENG,England,GB,United Kingdom,,
283,Renfrew,19894,SCT,Scotland,GB,United Kingdom,,
284,Rhyl,25874,WLS,Wales,GB,United Kingdom,,
285,Richmond,8360,ENG,England,GB,United Kingdom,,
286,Rochdale,97550,ENG,England,GB,United Kingdom,,
287,Rochester,28671,ENG,England,GB,United Kingdom,,
288,Rosyth,12003,SCT,Scotland,GB,United Kingdom,,
289,Ryde,24107,ENG,England,GB,United Kingdom,,
290,Saint Helens,102555,ENG,England,GB,United Kingdom,,
291,Salford,72750,ENG,England,GB,United Kingdom,,
292,Sheffield,447047,ENG,England,GB,United Kingdom,,
293,Skelmersdale,38944,ENG,England,GB,United Kingdom,,
294,Southport,93044,ENG,England,GB,United Kingdom,,
295,Stafford,65290,ENG,England,GB,United Kingdom,,
296,Stirling,33012,SCT,Scotland,GB,United Kingdom,,
297,Stockport,139052,ENG,England,GB,United Kingdom,,
298,Sutton,187600,ENG,England,GB,United Kingdom,,
299,Tarporley,2693,ENG,England,GB,United Kingdom,,
300,Teddington,299,ENG,England,GB,United Kingdom,,
301,Valley,2440,WLS,Wales,GB,United Kingdom,,
302,Wakefield,78978,ENG,England,GB,United Kingdom,,
303,Wallasey,58794,ENG,England,GB,United Kingdom,,
304,Waltham,6563,ENG,England,GB,United Kingdom,,
305,Warrington,81238,ENG,England,GB,United Kingdom,,
306,Waterloo,1001,ENG,England,GB,United Kingdom,,
307,Widnes,56097,ENG,England,GB,United Kingdom,,
308,Wigan,80788,ENG,England,GB,United Kingdom,,
309,Wilmslow,36617,ENG,England,GB,United Kingdom,,
310,Winchester,40000,ENG,England,GB,United Kingdom,,
311,Windsor,28324,ENG,England,GB,United Kingdom,,
312,Boston,570,M,Munster,IE,Ireland,,
313,Waterford,47904,M,Munster,IE,Ireland,,
314,Revere,2485,,Lombardy,IT,Italy,,
315,Saint Denis,342,,Aosta Valley,IT,Italy,,
316,Subiaco,9030,,Latium,IT,Italy,,
317,Venice,270816,,Veneto,IT,Italy,,
318,Strand,564,,Nordland,NO,Norway,,
319,Bay,33547,,Calabarzon,PH,Philippines,,
320,Boston,2891,,Davao,PH,Philippines,,
321,Laurel,9720,,Calabarzon,PH,Philippines,,
322,San Francisco,2154,,Bicol,PH,Philippines,,
323,San Francisco,3016,,Calabarzon,PH,Philippines,,
324,San Francisco,2279,,Caraga,PH,Philippines,,
325,San Francisco,2180,,Central Luzon,PH,Philippines,,
326,San Francisco,5047,,Central Visayas,PH,Philippines,,
327,San Francisco,2676,,Eastern Visayas,PH,Philippines,,
328,San Francisco,2901,,Western Visayas,PH,Philippines,,
329,San Jose,2792,,Bicol,PH,Philippines,,
330,San Jose,4533,,Cagayan Valley,PH,Philippines,,
331,San Jose,2311,,Calabarzon,PH,Philippines,,
332,San Jose,7461,,Central Luzon,PH,Philippines,,
333,San Jose,3744,,Eastern Visayas,PH,Philippines,,
334,San Jose,6079,,Mimaropa,PH,Philippines,,
335,San Jose,6345,,Northern Mindanao,PH,Philippines,,
336,San Jose,3771,,Western Visayas,PH,Philippines,,
337,San Martin,3434,,Northern Mindanao,PH,Philippines,,
338,Santa Barbara,6525,,Central Luzon,PH,Philippines,,
339,Santa Barbara,15445,,Ilocos,PH,Philippines,,
340,Santa Barbara,8629,,Western Visayas,PH,Philippines,,
341,Santa Monica,2284,,Caraga,PH,Philippines,,
342,Santa Monica,5475,,Central Luzon,PH,Philippines,,
343,Santa Monica,2581,,Western Visayas,PH,Philippines,,
344,Santa Rosa,2713,,Calabarzon,PH,Philippines,,
345,Santa Rosa,3909,,Central Luzon,PH,Philippines,,
346,Alexandria,49346,,Teleorman,RO,Romania,,
347,Spring,2492,,Alba,RO,Romania,,
348,Saint Petersburg,4039745,,Sankt-Peterburg,RU,Russia,,
349,Brandon,233,,Norrbotten,SE,Sweden,,
350,Kemah,2549,,Erzincan,TR,Turkey,,
351,Acton,7596,CA,California,US,United States,,
352,Acton,2230,ME,Maine,US,United States,,
353,Acton,20897,MA,Massachusetts,US,United States,,
354,Albion,168,CA,California,US,United States,,
355,Albion,267,ID,Idaho,US,United States,,
356,Albion,1988,IL,Illinois,US,United States,,
357,Albion,2349,IN,Indiana,US,United States,,
358,Albion,505,IA,Iowa,US,United States,,
359,Albion,2023,ME,Maine,US,United States,,
360,Albion,8616,MI,Michigan,US,United States,,
361,Albion,1650,NE,Nebraska,US,United States,,
362,Albion,6056,NY,New York,US,United States,,
363,Albion,106,OK,Oklahoma,US,United States,,
364,Albion,1516,PA,Pennsylvania,US,United States,,
365,Albion,579,WA,Washington,US,United States,,
366,Alexandria,3917,AL,Alabama,US,United States,,
367,Alexandria,5145,IN,Indiana,US,United States,,
368,Alexandria,8477,KY,Kentucky,US,United States,,
369,Alexandria,47723,LA,Louisiana,US,United States,,
370,Alexandria,11070,MN,Minnesota,US,United States,,
371,Alexandria,159,MO,Missouri,US,United States,,
372,Alexandria,177,NE,Nebraska,US,United States,,
373,Alexandria,1415,NH,New Hampshire,US,United States,,
374,Alexandria,517,OH,Ohio,US,United States,,
375,Alexandria,346,PA,Pennsylvania,US,United States,,
376,Alexandria,615,SD,South Dakota,US,United States,,
377,Alexandria,966,TN,Tennessee,US,United States,,
378,Alexandria,139966,VA,Virginia,US,United States,,
379,Alvin,316,IL,Illinois,US,United States,,
380,Alvin,24236,TX,Texas,US,United States,,
381,Annandale,3228,MN,Minnesota,US,United States,,
382,Annandale,1695,NJ,New Jersey,US,United States,,
383,Annandale,41008,VA,Virginia,US,United States,,
384,Aptos,6220,CA,California,US,United States,,
385,Arlington,194,AZ,Arizona,US,United States,,
386,Arlington,1479,GA,Georgia,US,United States,,
387,Arlington,193,IL,Illinois,US,United States,,
388,Arlington,433,IN,Indiana,US,United States,,
389,Arlington,429,IA,Iowa,US,United States,,
390,Arlington,473,KS,Kansas,US,United States,,
391,Arlington,324,KY,Kentucky,US,United States,,
392,Arlington,42844,MA,Massachusetts,US,United States,,
393,Arlington,2233,MN,Minnesota,US,United States,,
394,Arlington,1243,NE,Nebraska,US,United States,,
395,Arlington,4061,NY,New York,US,United States,,
396,Arlington,781,NC,North Carolina,US,United States,,
397,Arlington,1455,OH,Ohio,US,United States,,
398,Arlington,586,OR,Oregon,US,United States,,
399,Arlington,915,SD,South Dakota,US,United States,,
400,Arlington,11517,TN,Tennessee,US,United States,,
401,Arlington,365438,TX,Texas,US,United States,,
402,Arlington,1213,VT,Vermont,US,United States,,
403,Arlington,207627,VA,Virginia,US,United States,,
404,Arlington,17926,WA,Washington,US,United States,,
405,Arlington,819,WI,Wisconsin,US,United States,,
406,Arlington,25,WY,Wyoming,US,United States,,
407,Ashfield,1831,MA,Massachusetts,US,United States,,
408,Astoria,1141,IL,Illinois,US,United States,,
409,Astoria,9477,OR,Oregon,US,United States,,
410,Astoria,139,SD,South Dakota,US,United States,,
411,Auburn,53380,AL,Alabama,US,United States,,
412,Auburn,13330,CA,California,US,United States,,
413,Auburn,6887,GA,Georgia,US,United States,,
414,Auburn,4771,IL,Illinois,US,United States,,
415,Auburn,12731,IN,Indiana,US,United States,,
416,Auburn,322,IA,Iowa,US,United States,,
417,Auburn,1227,KS,Kansas,US,United States,,
418,Auburn,1340,KY,Kentucky,US,United States,,
419,Auburn,23055,ME,Maine,US,United States,,
420,Auburn,16724,MA,Massachusetts,US,United States,,
421,Auburn,2087,MI,Michigan,US,United States,,
422,Auburn,3460,NE,Nebraska,US,United States,,
423,Auburn,5089,NH,New Hampshire,US,United States,,
424,Auburn,27687,NY,New York,US,United States,,
425,Auburn,48,ND,North Dakota,US,United States,,
426,Auburn,741,PA,Pennsylvania,US,United States,,
427,Auburn,70180,WA,Washington,US,United States,,
428,Auburn,97,WV,West Virginia,US,United States,,
429,Auburn,328,WY,Wyoming,US,United States,,
430,Ayer,2868,MA,Massachusetts,US,United States,,
431,Bainbridge Island,23025,WA,Washington,US,United States,,
432,Barnes,176,IA,Iowa,US,United States,,
433,Barnes,159,KS,Kansas,US,United States,,
434,Barton,457,MD,Maryland,US,United States,,
435,Barton,20,ND,North Dakota,US,United States,,
436,Barton,737,VT,Vermont,US,United States,,
437,Bay,1801,AR,Arkansas,US,United States,,
438,Bay,34932,MI,Michigan,US,United States,,
439,Bay,1286,OR,Oregon,US,United States,,
440,Bay,17614,TX,Texas,US,United States,,
441,Bay,500,WI,Wisconsin,US,United States,,
442,Baytown,71802,TX,Texas,US,United States,,
443,Beach,1019,ND,North Dakota,US,United States,,
444,Beach,1033,OH,Ohio,US,United States,,
445,Beach,2198,TX,Texas,US,United States,,
446,Belfast,6668,ME,Maine,US,United States,,
447,Belfast,837,NY,New York,US,United States,,
448,Belfast,1257,PA,Pennsylvania,US,United States,,
449,Bellevue,2287,ID,Idaho,US,United States,,
450,Bellevue,1978,IL,Illinois,US,United States,,
451,Bellevue,2191,IA,Iowa,US,United States,,
452,Bellevue,5955,KY,Kentucky,US,United States,,
453,Bellevue,1282,MI,Michigan,US,United States,,
454,Bellevue,50137,NE,Nebraska,US,United States,,
455,Bellevue,8202,OH,Ohio,US,United States,,
456,Bellevue,8370,PA,Pennsylvania,US,United States,,
457,Bellevue,362,TX,Texas,US,United States,,
458,Bellevue,122363,WA,Washington,US,United States,,
459,Bellevue,14570,WI,Wisconsin,US,United States,,
460,Belmont,25835,CA,California,US,United States,,
461,Belmont,361,LA,Louisiana,US,United States,,
462,Belmont,24729,MA,Massachusetts,US,United States,,
463,Belmont,1941,MS,Mississippi,US,United States,,
464,Belmont,1301,NH,New Hampshire,US,United States,,
465,Belmont,969,NY,New York,US,United States,,
466,Belmont,10076,NC,North Carolina,US,United States,,
467,Belmont,453,OH,Ohio,US,United States,,
468,Belmont,2784,PA,Pennsylvania,US,United States,,
469,Belmont,5966,VA,Virginia,US,United States,,
470,Belmont,903,WV,West Virginia,US,United States,,
471,Belmont,986,WI,Wisconsin,US,United States,,
472,Bethesda,60858,MD,Maryland,US,United States,,
473,Bethesda,1256,OH,Ohio,US,United States,,
474,Beverly Hills,34109,CA,California,US,United States,,
475,Beverly Hills,8445,FL,Florida,US,United States,,
476,Beverly Hills,10267,MI,Michigan,US,United States,,
477,Beverly Hills,574,MO,Missouri,US,United States,,
478,Beverly Hills,1995,TX,Texas,US,United States,,
479,Billerica,39904,MA,Massachusetts,US,United States,,
480,Birmingham,212237,AL,Alabama,US,United States,,
481,Birmingham,448,IA,Iowa,US,United States,,
482,Birmingham,20103,MI,Michigan,US,United States,,
483,Birmingham,183,MO,Missouri,US,United States,,
484,Birmingham,90,PA,Pennsylvania,US,United States,,
485,Bolton,4220,MA,Massachusetts,US,United States,,
486,Bolton,567,MS,Mississippi,US,United States,,
487,Bolton,691,NC,North Carolina,US,United States,,
488,Boston,1315,GA,Georgia,US,United States,,
489,Boston,138,IN,Indiana,US,United States,,
490,Boston,266,KY,Kentucky,US,United States,,
491,Boston,617594,MA,Massachusetts,US,United States,,
492,Boston,545,PA,Pennsylvania,US,United States,,
493,Boston,504,VA,Virginia,US,United States,,
494,Boulder Creek,4923,CA,California,US,United States,,
495,Bowden,9,WV,West Virginia,US,United States,,
496,Braintree,33509,MA,Massachusetts,US,United States,,
497,Brandon,21,CO,Colorado,US,United States,,
498,Brandon,103483,FL,Florida,US,United States,,
499,Brandon,309,IA,Iowa,US,United States,,
500,Brandon,489,MN,Minnesota,US,United States,,
501,Brandon,21705,MS,Mississippi,US,United States,,
502,Brandon,8785,SD,South Dakota,US,United States,,
503,Brandon,1648,VT,Vermont,US,United States,,
504,Brandon,879,WI,Wisconsin,US,United States,,
505,Brighton,2945,AL,Alabama,US,United States,,
506,Brighton,33352,CO,Colorado,US,United States,,
507,Brighton,2254,IL,Illinois,US,United States,,
508,Brighton,652,IA,Iowa,US,United States,,
509,Brighton,89,ME,Maine,US,United States,,
510,Brighton,7444,MI,Michigan,US,United States,,
511,Brighton,36609,NY,New York,US,United States,,
512,Brighton,2328,TN,Tennessee,US,United States,,
513,Brisbane,4282,CA,California,US,United States,,
514,Bromley,763,KY,Kentucky,US,United States,,
515,Brook,997,IN,Indiana,US,United States,,
516,Brookfield,18978,IL,Illinois,US,United States,,
517,Brookfield,833,MA,Massachusetts,US,United States,,
518,Brookfield,4542,MO,Missouri,US,United States,,
519,Brookfield,643,NH,New Hampshire,US,United States,,
520,Brookfield,675,NJ,New Jersey,US,United States,,
521,Brookfield,37920,WI,Wisconsin,US,United States,,
522,Brookline,58732,MA,Massachusetts,US,United States,,
523,Brookline,367,MO,Missouri,US,United States,,
524,Brookline,4650,NH,New Hampshire,US,United States,,
525,Brooklyn,981,CT,Connecticut,US,United States,,
526,Brooklyn,749,IL,Illinois,US,United States,,
527,Brooklyn,1598,IN,Indiana,US,United States,,
528,Brooklyn,1468,IA,Iowa,US,United States,,
529,Brooklyn,1206,MI,Michigan,US,United States,,
530,Brooklyn,2300664,NY,New York,US,United States,,
531,Brooklyn,11169,OH,Ohio,US,United States,,
532,Brooklyn,1401,WI,Wisconsin,US,United States,,
533,Bruce,1939,MS,Mississippi,US,United States,,
534,Bruce,204,SD,South Dakota,US,United States,,
535,Bruce,779,WI,Wisconsin,US,United States,,
536,Brunswick,15383,GA,Georgia,US,United States,,
537,Brunswick,15175,ME,Maine,US,United States,,
538,Brunswick,5870,MD,Maryland,US,United States,,
539,Brunswick,858,MO,Missouri,US,United States,,
540,Brunswick,138,NE,Nebraska,US,United States,,
541,Brunswick,1119,NC,North Carolina,US,United States,,
542,Brunswick,34255,OH,Ohio,US,United States,,
543,Burbank,4926,CA,California,US,United States,,
544,Burbank,28925,IL,Illinois,US,United States,,
545,Burbank,207,OH,Ohio,US,United States,,
546,Burbank,141,OK,Oklahoma,US,United States,,
547,Burbank,3291,WA,Washington,US,United States,,
548,Burlington,4254,CO,Colorado,US,United States,,
549,Burlington,618,IL,Illinois,US,United States,,
550,Burlington,603,IN,Indiana,US,United States,,
551,Burlington,25663,IA,Iowa,US,United States,,
552,Burlington,2674,KS,Kansas,US,United States,,
553,Burlington,15926,KY,Kentucky,US,United States,,
554,Burlington,365,ME,Maine,US,United States,,
555,Burlington,24498,MA,Massachusetts,US,United States,,
556,Burlington,261,MI,Michigan,US,United States,,
557,Burlington,9920,NJ,New Jersey,US,United States,,
558,Burlington,49963,NC,North Carolina,US,United States,,
559,Burlington,1060,ND,North Dakota,US,United States,,
560,Burlington,2674,OH,Ohio,US,United States,,
561,Burlington,152,OK,Oklahoma,US,United States,,
562,Burlington,156,PA,Pennsylvania,US,United States,,
563,Burlington,42417,VT,Vermont,US,United States,,
564,Burlington,8388,WA,Washington,US,United States,,
565,Burlington,182,WV,West Virginia,US,United States,,
566,Burlington,10464,WI,Wisconsin,US,United States,,
567,Burlington,288,WY,Wyoming,US,United States,,
568,Buxton,8136,ME,Maine,US,United States,,
569,Buxton,1273,NC,North Carolina,US,United States,,
570,Buxton,323,ND,North Dakota,US,United States,,
571,Cabin John,2280,MD,Maryland,US,United States,,
572,Cambridge,328,ID,Idaho,US,United States,,
573,Cambridge,2160,IL,Illinois,US,United States,,
574,Cambridge,1870,IN,Indiana,US,United States,,
575,Cambridge,827,IA,Iowa,US,United States,,
576,Cambridge,82,KS,Kansas,US,United States,,
577,Cambridge,175,KY,Kentucky,US,United States,,
578,Cambridge,512,ME,Maine,US,United States,,
579,Cambridge,12326,MD,Maryland,US,United States,,
580,Cambridge,105162,MA,Massachusetts,US,United States,,
581,Cambridge,8111,MN,Minnesota,US,United States,,
582,Cambridge,1063,NE,Nebraska,US,United States,,
583,Cambridge,1870,NY,New York,US,United States,,
584,Cambridge,10635,OH,Ohio,US,United States,,
585,Cambridge,236,VT,Vermont,US,United States,,
586,Cambridge,1457,WI,Wisconsin,US,United States,,
587,Campbell,39349,CA,California,US,United States,,
588,Campbell,2479,FL,Florida,US,United States,,
589,Campbell,158,MN,Minnesota,US,United States,,
590,Campbell,1992,MO,Missouri,US,United States,,
591,Campbell,347,NE,Nebraska,US,United States,,
592,Campbell,713,NY,New York,US,United States,,
593,Campbell,8235,OH,Ohio,US,United States,,
594,Campbell,638,TX,Texas,US,United States,,
595,Carlton,65,AL,Alabama,US,United States,,
596,Carlton,260,GA,Georgia,US,United States,,
597,Carlton,42,KS,Kansas,US,United States,,
598,Carlton,862,MN,Minnesota,US,United States,,
599,Carlton,694,MT,Montana,US,United States,,
600,Carlton,2007,OR,Oregon,US,United States,,
601,Channelview,38289,TX,Texas,US,United States,,
602,Chapman,1393,KS,Kansas,US,United States,,
603,Chapman,483,ME,Maine,US,United States,,
604,Chapman,287,NE,Nebraska,US,United States,,
605,Chapman,199,PA,Pennsylvania,US,United States,,
606,Charlestown,7585,IN,Indiana,US,United States,,
607,Charlestown,1116,MD,Maryland,US,United States,,
608,Charlestown,1152,NH,New Hampshire,US,United States,,
609,Charlestown,8421,RI,Rhode Island,US,United States,,
610,Charlotte,394,IA,Iowa,US,United States,,
611,Charlotte,337,ME,Maine,US,United States,,
612,Charlotte,9074,MI,Michigan,US,United States,,
613,Charlotte,731424,NC,North Carolina,US,United States,,
614,Charlotte,1235,TN,Tennessee,US,United States,,
615,Charlotte,1715,TX,Texas,US,United States,,
616,Chelsea,10183,AL,Alabama,US,United States,,
617,Chelsea,267,IA,Iowa,US,United States,,
618,Chelsea,2661,ME,Maine,US,United States,,
619,Chelsea,35177,MA,Massachusetts,US,United States,,
620,Chelsea,4944,MI,Michigan,US,United States,,
621,Chelsea,1964,OK,Oklahoma,US,United States,,
622,Chelsea,27,SD,South Dakota,US,United States,,
623,Chelsea,113,WI,Wisconsin,US,United States,,
624,Chester,159,AR,Arkansas,US,United States,,
625,Chester,2144,CA,California,US,United States,,
626,Chester,1596,GA,Georgia,US,United States,,
627,Chester,8586,IL,Illinois,US,United States,,
628,Chester,127,IA,Iowa,US,United States,,
629,Chester,546,ME,Maine,US,United States,,
630,Chester,4167,MD,Maryland,US,United States,,
631,Chester,627,MA,Massachusetts,US,United States,,
632,Chester,847,MT,Montana,US,United States,,
633,Chester,232,NE,Nebraska,US,United States,,
634,Chester,5236,NH,New Hampshire,US,United States,,
635,Chester,1649,NJ,New Jersey,US,United States,,
636,Chester,3969,NY,New York,US,United States,,
637,Chester,117,OK,Oklahoma,US,United States,,
638,Chester,33972,PA,Pennsylvania,US,United States,,
639,Chester,5607,SC,South Carolina,US,United States,,
640,Chester,261,SD,South Dakota,US,United States,,
641,Chester,312,TX,Texas,US,United States,,
642,Chester,2994,VT,Vermont,US,United States,,
643,Chester,20987,VA,Virginia,US,United States,,
644,Chester,2585,WV,West Virginia,US,United States,,
645,Chicago,2695598,IL,Illinois,US,United States,,
646,Chisholm,1380,ME,Maine,US,United States,,
647,Chisholm,4976,MN,Minnesota,US,United States,,
648,Claremont,34926,CA,California,US,United States,,
649,Claremont,176,IL,Illinois,US,United States,,
650,Claremont,548,MN,Minnesota,US,United States,,
651,Claremont,13355,NH,New Hampshire,US,United States,,
652,Claremont,1352,NC,North Carolina,US,United States,,
653,Claremont,127,SD,South Dakota,US,United States,,
654,Claremont,334,VA,Virginia,US,United States,,
655,Clayton,3008,AL,Alabama,US,United States,,
656,Clayton,10897,CA,California,US,United States,,
657,Clayton,2918,DE,Delaware,US,United States,,
658,Clayton,2047,GA,Georgia,US,United States,,
659,Clayton,7,ID,Idaho,US,United States,,
660,Clayton,709,IL,Illinois,US,United States,,
661,Clayton,972,IN,Indiana,US,United States,,
662,Clayton,43,IA,Iowa,US,United States,,
663,Clayton,59,KS,Kansas,US,United States,,
664,Clayton,711,LA,Louisiana,US,United States,,
665,Clayton,344,MI,Michigan,US,United States,,
666,Clayton,15939,MO,Missouri,US,United States,,
667,Clayton,8179,NJ,New Jersey,US,United States,,
668,Clayton,2980,NM,New Mexico,US,United States,,
669,Clayton,1978,NY,New York,US,United States,,
670,Clayton,16116,NC,North Carolina,US,United States,,
671,Clayton,13209,OH,Ohio,US,United States,,
672,Clayton,821,OK,Oklahoma,US,United States,,
673,Clayton,443,WA,Washington,US,United States,,
674,Clayton,571,WI,Wisconsin,US,United States,,
675,Clearwater,107685,FL,Florida,US,United States,,
676,Clearwater,2481,KS,Kansas,US,United States,,
677,Clearwater,1735,MN,Minnesota,US,United States,,
678,Clearwater,419,NE,Nebraska,US,United States,,
679,Clearwater,4370,SC,South Carolina,US,United States,,
680,Cleveland,1303,AL,Alabama,US,United States,,
681,Cleveland,2990,FL,Florida,US,United States,,
682,Cleveland,3410,GA,Georgia,US,United States,,
683,Cleveland,188,IL,Illinois,US,United States,,
684,Cleveland,719,MN,Minnesota,US,United States,,
685,Cleveland,12334,MS,Mississippi,US,United States,,
686,Cleveland,661,MO,Missouri,US,United States,,
687,Cleveland,750,NY,New York,US,United States,,
688,Cleveland,871,NC,North Carolina,US,United States,,
689,Cleveland,83,ND,North Dakota,US,United States,,
690,Cleveland,396815,OH,Ohio,US,United States,,
691,Cleveland,3251,OK,Oklahoma,US,United States,,
692,Cleveland,41285,TN,Tennessee,US,United States,,
693,Cleveland,7675,TX,Texas,US,United States,,
694,Cleveland,464,UT,Utah,US,United States,,
695,Cleveland,202,VA,Virginia,US,United States,,
696,Cleveland,1485,WI,Wisconsin,US,United States,,
697,Clifton Hill,114,MO,Missouri,US,United States,,
698,Clinton,2602,AR,Arkansas,US,United States,,
699,Clinton,3368,CT,Connecticut,US,United States,,
700,Clinton,7225,IL,Illinois,US,United States,,
701,Clinton,4893,IN,Indiana,US,United States,,
702,Clinton,26885,IA,Iowa,US,United States,,
703,Clinton,1653,LA,Louisiana,US,United States,,
704,Clinton,1419,ME,Maine,US,United States,,
705,Clinton,35970,MD,Maryland,US,United States,,
706,Clinton,7389,MA,Massachusetts,US,United States,,
707,Clinton,2336,MI,Michigan,US,United States,,
708,Clinton,25216,MS,Mississippi,US,United States,,
709,Clinton,9008,MO,Missouri,US,United States,,
710,Clinton,2719,NJ,New Jersey,US,United States,,
711,Clinton,1942,NY,New York,US,United States,,
712,Clinton,8639,NC,North Carolina,US,United States,,
713,Clinton,9033,OK,Oklahoma,US,United States,,
714,Clinton,8490,SC,South Carolina,US,United States,,
715,Clinton,9841,TN,Tennessee,US,United States,,
716,Clinton,20426,UT,Utah,US,United States,,
717,Clinton,2154,WI,Wisconsin,US,United States,,
718,Concord,1837,AL,Alabama,US,United States,,
719,Concord,244,AR,Arkansas,US,United States,,
720,Concord,122067,CA,California,US,United States,,
721,Concord,375,GA,Georgia,US,United States,,
722,Concord,167,IL,Illinois,US,United States,,
723,Concord,25,KY,Kentucky,US,United States,,
724,Concord,16810,MA,Massachusetts,US,United States,,
725,Concord,1050,MI,Michigan,US,United States,,
726,Concord,16421,MO,Missouri,US,United States,,
727,Concord,166,NE,Nebraska,US,United States,,
728,Concord,42695,NH,New Hampshire,US,United States,,
729,Concord,79066,NC,North Carolina,US,United States,,
730,Concord,271,VT,Vermont,US,United States,,
731,Concord,1458,VA,Virginia,US,United States,,
732,Corona,152374,CA,California,US,United States,,
733,Corona,172,NM,New Mexico,US,United States,,
734,Corona,109,SD,South Dakota,US,United States,,
735,Corralitos,2326,CA,California,US,United States,,
736,Croydon,704,NH,New Hampshire,US,United States,,
737,Croydon,9950,PA,Pennsylvania,US,United States,,
738,Crystal River,3108,FL,Florida,US,United States,,
739,Culver,38883,CA,California,US,United States,,
740,Culver,1353,IN,Indiana,US,United States,,
741,Culver,121,KS,Kansas,US,United States,,
742,Culver,1357,OR,Oregon,US,United States,,
743,Cypress,47802,CA,California,US,United States,,
744,Cypress,234,IL,Illinois,US,United States,,
745,Cypress,46025,TX,Texas,US,United States,,
746,Dearborn,98153,MI,Michigan,US,United States,,
747,Dearborn,496,MO,Missouri,US,United States,,
748,Dedham,266,IA,Iowa,US,United States,,
749,Dedham,1478,ME,Maine,US,United States,,
750,Dedham,24729,MA,Massachusetts,US,United States,,
751,Deer Park,188,AL,Alabama,US,United States,,
752,Deer Park,1267,CA,California,US,United States,,
753,Deer Park,3192,IL,Illinois,US,United States,,
754,Deer Park,399,MD,Maryland,US,United States,,
755,Deer Park,27745,NY,New York,US,United States,,
756,Deer Park,5736,OH,Ohio,US,United States,,
757,Deer Park,32010,TX,Texas,US,United States,,
758,Deer Park,3652,WA,Washington,US,United States,,
759,Deer Park,216,WI,Wisconsin,US,United States,,
760,Denver,600158,CO,Colorado,US,United States,,
761,Denver,482,IN,Indiana,US,United States,,
762,Denver,1780,IA,Iowa,US,United States,,
763,Denver,39,MO,Missouri,US,United States,,
764,Denver,2309,NC,North Carolina,US,United States,,
765,Denver,3861,PA,Pennsylvania,US,United States,,
766,Denver,4479,TX,Texas,US,United States,,
767,Detroit,237,AL,Alabama,US,United States,,
768,Detroit,83,IL,Illinois,US,United States,,
769,Detroit,114,KS,Kansas,US,United States,,
770,Detroit,848,ME,Maine,US,United States,,
771,Detroit,713777,MI,Michigan,US,United States,,
772,Detroit,202,OR,Oregon,US,United States,,
773,Detroit,732,TX,Texas,US,United States,,
774,Dickinson,17787,ND,North Dakota,US,United States,,
775,Dickinson,18680,TX,Texas,US,United States,,
776,Dickson,1207,OK,Oklahoma,US,United States,,
777,Dickson,6070,PA,Pennsylvania,US,United States,,
778,Dickson,14538,TN,Tennessee,US,United States,,
779,Dorchester,151,IL,Illinois,US,United States,,
780,Dorchester,586,NE,Nebraska,US,United States,,
781,Dorchester,376,NH,New Hampshire,US,United States,,
782,Dorchester,148,TX,Texas,US,United States,,
783,Dorchester,876,WI,Wisconsin,US,United States,,
784,Dunedin,35321,FL,Florida,US,United States,,
785,East Palo Alto,28155,CA,California,US,United States,,
786,Ellerslie,572,MD,Maryland,US,United States,,
787,Elmhurst,44121,IL,Illinois,US,United States,,
788,Everett,41667,MA,Massachusetts,US,United States,,
789,Everett,1834,PA,Pennsylvania,US,United States,,
790,Everett,103019,WA,Washington,US,United States,,
791,Falls Church,12332,VA,Virginia,US,United States,,
792,Ferndale,1371,CA,California,US,United States,,
793,Ferndale,472,FL,Florida,US,United States,,
794,Ferndale,16746,MD,Maryland,US,United States,,
795,Ferndale,19900,MI,Michigan,US,United States,,
796,Ferndale,1636,PA,Pennsylvania,US,United States,,
797,Ferndale,11415,WA,Washington,US,United States,,
798,Flemington,743,GA,Georgia,US,United States,,
799,Flemington,148,MO,Missouri,US,United States,,
800,Flemington,4581,NJ,New Jersey,US,United States,,
801,Flemington,1330,PA,Pennsylvania,US,United States,,
802,Flemington,312,WV,West Virginia,US,United States,,
803,Flint,1033,AL,Alabama,US,United States,,
804,Flint,102434,MI,Michigan,US,United States,,
805,Floral Park,15863,NY,New York,US,United States,,
806,Flushing,8389,MI,Michigan,US,United States,,
807,Flushing,879,OH,Ohio,US,United States,,
808,Forest Hill,818,LA,Louisiana,US,United States,,
809,Forest Hill,12355,TX,Texas,US,United States,,
810,Forestville,3293,CA,California,US,United States,,
811,Forestville,12353,MD,Maryland,US,United States,,
812,Forestville,136,MI,Michigan,US,United States,,
813,Forestville,697,NY,New York,US,United States,,
814,Forestville,10532,OH,Ohio,US,United States,,
815,Forestville,435,PA,Pennsylvania,US,United States,,
816,Forestville,430,WI,Wisconsin,US,United States,,
817,Framingham,68318,MA,Massachusetts,US,United States,,
818,Fraser,1224,CO,Colorado,US,United States,,
819,Fraser,102,IA,Iowa,US,United States,,
820,Fraser,14480,MI,Michigan,US,United States,,
821,Friendswood,35805,TX,Texas,US,United States,,
822,Gilroy,48821,CA,California,US,United States,,
823,Glasgow,14303,DE,Delaware,US,United States,,
824,Glasgow,141,IL,Illinois,US,United States,,
825,Glasgow,14028,KY,Kentucky,US,United States,,
826,Glasgow,1103,MO,Missouri,US,United States,,
827,Glasgow,3250,MT,Montana,US,United States,,
828,Glasgow,763,OR,Oregon,US,United States,,
829,Glasgow,60,PA,Pennsylvania,US,United States,,
830,Glasgow,1133,VA,Virginia,US,United States,,
831,Glasgow,905,WV,West Virginia,US,United States,,
832,Glendale,226721,AZ,Arizona,US,United States,,
833,Glendale,191719,CA,California,US,United States,,
834,Glendale,69,CO,Colorado,US,United States,,
835,Glendale,1657,MS,Mississippi,US,United States,,
836,Glendale,5925,MO,Missouri,US,United States,,
837,Glendale,2155,OH,Ohio,US,United States,,
838,Glendale,874,OR,Oregon,US,United States,,
839,Glendale,307,SC,South Carolina,US,United States,,
840,Glendale,381,UT,Utah,US,United States,,
841,Glendale,1526,WV,West Virginia,US,United States,,
842,Glendale,12872,WI,Wisconsin,US,United States,,
843,Glenside,8384,PA,Pennsylvania,US,United States,,
844,Gordon,332,AL,Alabama,US,United States,,
845,Gordon,2017,GA,Georgia,US,United States,,
846,Gordon,1612,NE,Nebraska,US,United States,,
847,Gordon,212,OH,Ohio,US,United States,,
848,Gordon,763,PA,Pennsylvania,US,United States,,
849,Gordon,478,TX,Texas,US,United States,,
850,Gordon,176,WI,Wisconsin,US,United States,,
851,Gowrie,1037,IA,Iowa,US,United States,,
852,Greenway,209,AR,Arkansas,US,United States,,
853,Greenwich,12942,CT,Connecticut,US,United States,,
854,Greenwich,1777,NY,New York,US,United States,,
855,Greenwich,1476,OH,Ohio,US,United States,,
856,Griffith,16893,IN,Indiana,US,United States,,
857,Groton,10389,CT,Connecticut,US,United States,,
858,Groton,1124,MA,Massachusetts,US,United States,,
859,Groton,486,NH,New Hampshire,US,United States,,
860,Groton,2363,NY,New York,US,United States,,
861,Groton,1458,SD,South Dakota,US,United States,,
862,Groton,437,VT,Vermont,US,United States,,
863,Halifax,7631,MA,Massachusetts,US,United States,,
864,Halifax,234,NC,North Carolina,US,United States,,
865,Halifax,841,PA,Pennsylvania,US,United States,,
866,Halifax,1309,VA,Virginia,US,United States,,
867,Hall,216,NY,New York,US,United States,,
868,Harbor,2391,OR,Oregon,US,United States,,
869,Hawthorn,494,PA,Pennsylvania,US,United States,,
870,Haymarket,1782,VA,Virginia,US,United States,,
871,Hazel Park,16422,MI,Michigan,US,United States,,
872,Henderson,255,IL,Illinois,US,United States,,
873,Henderson,185,IA,Iowa,US,United States,,
874,Henderson,28757,KY,Kentucky,US,United States,,
875,Henderson,1674,LA,Louisiana,US,United States,,
876,Henderson,146,MD,Maryland,US,United States,,
877,Henderson,399,MI,Michigan,US,United States,,
878,Henderson,886,MN,Minnesota,US,United States,,
879,Henderson,991,NE,Nebraska,US,United States,,
880,Henderson,257729,NV,Nevada,US,United States,,
881,Henderson,224,NY,New York,US,United States,,
882,Henderson,15368,NC,North Carolina,US,United States,,
883,Henderson,6309,TN,Tennessee,US,United States,,
884,Henderson,13712,TX,Texas,US,United States,,
885,Henderson,271,WV,West Virginia,US,United States,,
886,Hertford,2143,NC,North Carolina,US,United States,,
887,Hilton,5886,NY,New York,US,United States,,
888,Hobart,29059,IN,Indiana,US,United States,,
889,Hobart,441,NY,New York,US,United States,,
890,Hobart,3756,OK,Oklahoma,US,United States,,
891,Hobart,6221,WA,Washington,US,United States,,
892,Hollywood,930,AL,Alabama,US,United States,,
893,Hollywood,167664,CA,California,US,United States,,
894,Hollywood,140768,FL,Florida,US,United States,,
895,Hollywood,4714,SC,South Carolina,US,United States,,
896,Holt,3638,AL,Alabama,US,United States,,
897,Holt,23973,MI,Michigan,US,United States,,
898,Holt,88,MN,Minnesota,US,United States,,
899,Holt,447,MO,Missouri,US,United States,,
900,Hope Valley,1612,RI,Rhode Island,US,United States,,
901,Hornsby,303,TN,Tennessee,US,United States,,
902,Houston,1912,AK,Alaska,US,United States,,
903,Houston,173,AR,Arkansas,US,United States,,
904,Houston,374,DE,Delaware,US,United States,,
905,Houston,979,MN,Minnesota,US,United States,,
906,Houston,3623,MS,Mississippi,US,United States,,
907,Houston,2081,MO,Missouri,US,United States,,
908,Houston,1296,PA,Pennsylvania,US,United States,,
909,Houston,2099451,TX,Texas,US,United States,,
910,Hull,198,GA,Georgia,US,United States,,
911,Hull,461,IL,Illinois,US,United States,,
912,Hull,2175,IA,Iowa,US,United States,,
913,Hull,10293,MA,Massachusetts,US,United States,,
914,Hull,669,TX,Texas,US,United States,,
915,Humble,15133,TX,Texas,US,United States,,
916,Hume,380,IL,Illinois,US,United States,,
917,Hume,336,MO,Missouri,US,United States,,
918,Hyde Park,1908,NY,New York,US,United States,,
919,Hyde Park,500,PA,Pennsylvania,US,United States,,
920,Hyde Park,3833,UT,Utah,US,United States,,
921,Hyde Park,462,VT,Vermont,US,United States,,
922,Indian Rocks Beach,4113,FL,Florida,US,United States,,
923,Inglewood,109673,CA,California,US,United States,,
924,Inglewood,325,NE,Nebraska,US,United States,,
925,Island,458,KY,Kentucky,US,United States,,
926,Island,989,OR,Oregon,US,United States,,
927,Jamaica Plain,37468,MA,Massachusetts,US,United States,,
928,Jersey,137,GA,Georgia,US,United States,,
929,Jersey,247597,NJ,New Jersey,US,United States,,
930,Junction,581,AR,Arkansas,US,United States,,
931,Junction,680,CA,California,US,United States,,
932,Junction,177,GA,Georgia,US,United States,,
933,Junction,129,IL,Illinois,US,United States,,
934,Junction,23353,KS,Kansas,US,United States,,
935,Junction,2241,KY,Kentucky,US,United States,,
936,Junction,582,LA,Louisiana,US,United States,,
937,Junction,327,MO,Missouri,US,United States,,
938,Junction,819,OH,Ohio,US,United States,,
939,Junction,5392,OR,Oregon,US,United States,,
940,Junction,2574,TX,Texas,US,United States,,
941,Junction,191,UT,Utah,US,United States,,
942,Junction,18,WA,Washington,US,United States,,
943,Junction,439,WI,Wisconsin,US,United States,,
944,Katy,14102,TX,Texas,US,United States,,
945,Kemah,1773,TX,Texas,US,United States,,
946,Kensington,5077,CA,California,US,United States,,
947,Kensington,8459,CT,Connecticut,US,United States,,
948,Kensington,473,KS,Kansas,US,United States,,
949,Kensington,2213,MD,Maryland,US,United States,,
950,Kensington,292,MN,Minnesota,US,United States,,
951,Kensington,2016,NH,New Hampshire,US,United States,,
952,Kensington,1161,NY,New York,US,United States,,
953,Kent,70,IN,Indiana,US,United States,,
954,Kent,61,IA,Iowa,US,United States,,
955,Kent,1057,MI,Michigan,US,United States,,
956,Kent,81,MN,Minnesota,US,United States,,
957,Kent,28904,OH,Ohio,US,United States,,
958,Kent,92411,WA,Washington,US,United States,,
959,Kings Park,17282,NY,New York,US,United States,,
960,Kings Park,4333,VA,Virginia,US,United States,,
961,Kingwood,2939,WV,West Virginia,US,United States,,
962,Kirkland,1744,IL,Illinois,US,United States,,
963,Kirkland,619,NC,North Carolina,US,United States,,
964,Kirkland,48787,WA,Washington,US,United States,,
965,La Marque,14509,TX,Texas,US,United States,,
966,La Porte,26,CA,California,US,United States,,
967,La Porte,2285,IA,Iowa,US,United States,,
968,La Porte,33800,TX,Texas,US,United States,,
969,Lake Orion,2973,MI,Michigan,US,United States,,
970,Lakes,8364,AK,Alaska,US,United States,,
971,Largo,77648,FL,Florida,US,United States,,
972,Largo,10709,MD,Maryland,US,United States,,
973,Las Vegas,583756,NV,Nevada,US,United States,,
974,Las Vegas,13753,NM,New Mexico,US,United States,,
975,Laurel,3708,DE,Delaware,US,United States,,
976,Laurel,8171,FL,Florida,US,United States,,
977,Laurel,512,IN,Indiana,US,United States,,
978,Laurel,239,IA,Iowa,US,United States,,
979,Laurel,25115,MD,Maryland,US,United States,,
980,Laurel,18540,MS,Mississippi,US,United States,,
981,Laurel,6718,MT,Montana,US,United States,,
982,Laurel,964,NE,Nebraska,US,United States,,
983,Laurel,1394,NY,New York,US,United States,,
984,Laurel,16713,VA,Virginia,US,United States,,
985,League,83560,TX,Texas,US,United States,,
986,Leeds,11773,AL,Alabama,US,United States,,
987,Leeds,2080,ME,Maine,US,United States,,
988,Leeds,377,NY,New York,US,United States,,
989,Leeds,427,ND,North Dakota,US,United States,,
990,Leeds,820,UT,Utah,US,United States,,
991,Leigh,405,NE,Nebraska,US,United States,,
992,Lenox,873,GA,Georgia,US,United States,,
993,Lenox,1407,IA,Iowa,US,United States,,
994,Lenox,1675,MA,Massachusetts,US,United States,,
995,Lexington,735,AL,Alabama,US,United States,,
996,Lexington,228,GA,Georgia,US,United States,,
997,Lexington,2060,IL,Illinois,US,United States,,
998,Lexington,225366,KY,Kentucky,US,United States,,
999,Lexington,31394,MA,Massachusetts,US,United States,,
1000,Lexington,1178,MI,Michigan,US,United States,,
1001,Lexington,2049,MN,Minnesota,US,United States,,
1002,Lexington,1731,MS,Mississippi,US,United States,,
1003,Lexington,4726,MO,Missouri,US,United States,,
1004,Lexington,10230,NE,Nebraska,US,United States,,
1005,Lexington,18931,NC,North Carolina,US,United States,,
1006,Lexington,4822,OH,Ohio,US,United States,,
1007,Lexington,2152,OK,Oklahoma,US,United States,,
1008,Lexington,238,OR,Oregon,US,United States,,
1009,Lexington,17870,SC,South Carolina,US,United States,,
1010,Lexington,7652,TN,Tennessee,US,United States,,
1011,Lexington,1177,TX,Texas,US,United States,,
1012,Lexington,7042,VA,Virginia,US,United States,,
1013,Liverpool,129,IL,Illinois,US,United States,,
1014,Liverpool,2347,NY,New York,US,United States,,
1015,Liverpool,955,PA,Pennsylvania,US,United States,,
1016,Liverpool,482,TX,Texas,US,United States,,
1017,London,1039,AR,Arkansas,US,United States,,
1018,London,1869,CA,California,US,United States,,
1019,London,7993,KY,Kentucky,US,United States,,
1020,London,9904,OH,Ohio,US,United States,,
1021,Long Island,134,KS,Kansas,US,United States,,
1022,Long Island,210,ME,Maine,US,United States,,
1023,Long Island,25595,NY,New York,US,United States,,
1024,Los Altos Hills,7922,CA,California,US,United States,,
1025,Los Altos,28976,CA,California,US,United States,,
1026,Los Angeles,3792621,CA,California,US,United States,,
1027,Los Angeles,121,TX,Texas,US,United States,,
1028,Los Gatos,29413,CA,California,US,United States,,
1029,Lutz,19344,FL,Florida,US,United States,,
1030,Lynn,659,AL,Alabama,US,United States,,
1031,Lynn,288,AR,Arkansas,US,United States,,
1032,Lynn,12,CO,Colorado,US,United States,,
1033,Lynn,1097,IN,Indiana,US,United States,,
1034,Lynn,90329,MA,Massachusetts,US,United States,,
1035,Macclesfield,471,NC,North Carolina,US,United States,,
1036,Madeira Beach,4263,FL,Florida,US,United States,,
1037,Malden,362,IL,Illinois,US,United States,,
1038,Malden,59450,MA,Massachusetts,US,United States,,
1039,Malden,4275,MO,Missouri,US,United States,,
1040,Malden,419,NY,New York,US,United States,,
1041,Malden,203,WA,Washington,US,United States,,
1042,Manchester,195,CA,California,US,United States,,
1043,Manchester,30577,CT,Connecticut,US,United States,,
1044,Manchester,4230,GA,Georgia,US,United States,,
1045,Manchester,292,IL,Illinois,US,United States,,
1046,Manchester,5179,IA,Iowa,US,United States,,
1047,Manchester,95,KS,Kansas,US,United States,,
1048,Manchester,1255,KY,Kentucky,US,United States,,
1049,Manchester,2563,ME,Maine,US,United States,,
1050,Manchester,4808,MD,Maryland,US,United States,,
1051,Manchester,2091,MI,Michigan,US,United States,,
1052,Manchester,57,MN,Minnesota,US,United States,,
1053,Manchester,18094,MO,Missouri,US,United States,,
1054,Manchester,109565,NH,New Hampshire,US,United States,,
1055,Manchester,1709,NY,New York,US,United States,,
1056,Manchester,2023,OH,Ohio,US,United States,,
1057,Manchester,103,OK,Oklahoma,US,United States,,
1058,Manchester,2763,PA,Pennsylvania,US,United States,,
1059,Manchester,10102,TN,Tennessee,US,United States,,
1060,Manchester,749,VT,Vermont,US,United States,,
1061,Manchester,5413,WA,Washington,US,United States,,
1062,Manhattan,7051,IL,Illinois,US,United States,,
1063,Manhattan,52281,KS,Kansas,US,United States,,
1064,Manhattan,1520,MT,Montana,US,United States,,
1065,Manhattan,1487536,NY,New York,US,United States,,
1066,Manly,1323,IA,Iowa,US,United States,,
1067,Marblehead,19808,MA,Massachusetts,US,United States,,
1068,Marblehead,903,OH,Ohio,US,United States,,
1069,Martinez,35824,CA,California,US,United States,,
1070,Martinez,35795,GA,Georgia,US,United States,,
1071,Mclean,830,IL,Illinois,US,United States,,
1072,Mclean,36,NE,Nebraska,US,United States,,
1073,Mclean,778,TX,Texas,US,United States,,
1074,Mclean,48115,VA,Virginia,US,United States,,
1075,Medford,240,ME,Maine,US,United States,,
1076,Medford,56173,MA,Massachusetts,US,United States,,
1077,Medford,1239,MN,Minnesota,US,United States,,
1078,Medford,24142,NY,New York,US,United States,,
1079,Medford,996,OK,Oklahoma,US,United States,,
1080,Medford,74907,OR,Oregon,US,United States,,
1081,Medford,4326,WI,Wisconsin,US,United States,,
1082,Melbourne,1848,AR,Arkansas,US,United States,,
1083,Melbourne,76068,FL,Florida,US,United States,,
1084,Melbourne,830,IA,Iowa,US,United States,,
1085,Melbourne,401,KY,Kentucky,US,United States,,
1086,Melrose,112,IA,Iowa,US,United States,,
1087,Melrose,26983,MA,Massachusetts,US,United States,,
1088,Melrose,3598,MN,Minnesota,US,United States,,
1089,Melrose,651,NM,New Mexico,US,United States,,
1090,Melrose,275,OH,Ohio,US,United States,,
1091,Melrose,735,OR,Oregon,US,United States,,
1092,Melrose,503,WI,Wisconsin,US,United States,,
1093,Melville,1041,LA,Louisiana,US,United States,,
1094,Melville,18985,NY,New York,US,United States,,
1095,Melville,1320,RI,Rhode Island,US,United States,,
1096,Middle Village,281,WI,Wisconsin,US,United States,,
1097,Midland,2344,AL,Alabama,US,United States,,
1098,Midland,325,AR,Arkansas,US,United States,,
1099,Midland,156,CO,Colorado,US,United States,,
1100,Midland,446,MD,Maryland,US,United States,,
1101,Midland,41863,MI,Michigan,US,United States,,
1102,Midland,3073,NC,North Carolina,US,United States,,
1103,Midland,315,OH,Ohio,US,United States,,
1104,Midland,2635,PA,Pennsylvania,US,United States,,
1105,Midland,129,SD,South Dakota,US,United States,,
1106,Midland,111147,TX,Texas,US,United States,,
1107,Midland,218,VA,Virginia,US,United States,,
1108,Midland,8962,WA,Washington,US,United States,,
1109,Midvale,171,ID,Idaho,US,United States,,
1110,Midvale,754,OH,Ohio,US,United States,,
1111,Midvale,27964,UT,Utah,US,United States,,
1112,Milford,167,CA,California,US,United States,,
1113,Milford,52759,CT,Connecticut,US,United States,,
1114,Milford,9559,DE,Delaware,US,United States,,
1115,Milford,1306,IL,Illinois,US,United States,,
1116,Milford,121,IN,Indiana,US,United States,,
1117,Milford,2898,IA,Iowa,US,United States,,
1118,Milford,530,KS,Kansas,US,United States,,
1119,Milford,2233,ME,Maine,US,United States,,
1120,Milford,25055,MA,Massachusetts,US,United States,,
1121,Milford,6175,MI,Michigan,US,United States,,
1122,Milford,26,MO,Missouri,US,United States,,
1123,Milford,2090,NE,Nebraska,US,United States,,
1124,Milford,8835,NH,New Hampshire,US,United States,,
1125,Milford,1233,NJ,New Jersey,US,United States,,
1126,Milford,415,NY,New York,US,United States,,
1127,Milford,6709,OH,Ohio,US,United States,,
1128,Milford,1021,PA,Pennsylvania,US,United States,,
1129,Milford,728,TX,Texas,US,United States,,
1130,Milford,1409,UT,Utah,US,United States,,
1131,Milpitas,66790,CA,California,US,United States,,
1132,Milton,2576,DE,Delaware,US,United States,,
1133,Milton,8826,FL,Florida,US,United States,,
1134,Milton,32661,GA,Georgia,US,United States,,
1135,Milton,271,IL,Illinois,US,United States,,
1136,Milton,490,IN,Indiana,US,United States,,
1137,Milton,443,IA,Iowa,US,United States,,
1138,Milton,155,KS,Kansas,US,United States,,
1139,Milton,574,KY,Kentucky,US,United States,,
1140,Milton,3030,LA,Louisiana,US,United States,,
1141,Milton,128,ME,Maine,US,United States,,
1142,Milton,27003,MA,Massachusetts,US,United States,,
1143,Milton,575,NH,New Hampshire,US,United States,,
1144,Milton,1403,NY,New York,US,United States,,
1145,Milton,166,NC,North Carolina,US,United States,,
1146,Milton,58,ND,North Dakota,US,United States,,
1147,Milton,7042,PA,Pennsylvania,US,United States,,
1148,Milton,1861,VT,Vermont,US,United States,,
1149,Milton,6968,WA,Washington,US,United States,,
1150,Milton,2423,WV,West Virginia,US,United States,,
1151,Milton,5546,WI,Wisconsin,US,United States,,
1152,Missouri,267,MO,Missouri,US,United States,,
1153,Missouri,67358,TX,Texas,US,United States,,
1154,Monroe,13234,GA,Georgia,US,United States,,
1155,Monroe,545,IN,Indiana,US,United States,,
1156,Monroe,1830,IA,Iowa,US,United States,,
1157,Monroe,48815,LA,Louisiana,US,United States,,
1158,Monroe,917,ME,Maine,US,United States,,
1159,Monroe,20733,MI,Michigan,US,United States,,
1160,Monroe,2531,MO,Missouri,US,United States,,
1161,Monroe,284,NE,Nebraska,US,United States,,
1162,Monroe,808,NH,New Hampshire,US,United States,,
1163,Monroe,8364,NY,New York,US,United States,,
1164,Monroe,32797,NC,North Carolina,US,United States,,
1165,Monroe,12442,OH,Ohio,US,United States,,
1166,Monroe,617,OR,Oregon,US,United States,,
1167,Monroe,489,PA,Pennsylvania,US,United States,,
1168,Monroe,160,SD,South Dakota,US,United States,,
1169,Monroe,2256,UT,Utah,US,United States,,
1170,Monroe,17304,WA,Washington,US,United States,,
1171,Monroe,10827,WI,Wisconsin,US,United States,,
1172,Montrose,354,AR,Arkansas,US,United States,,
1173,Montrose,19132,CO,Colorado,US,United States,,
1174,Montrose,215,GA,Georgia,US,United States,,
1175,Montrose,201,IL,Illinois,US,United States,,
1176,Montrose,898,IA,Iowa,US,United States,,
1177,Montrose,1657,MI,Michigan,US,United States,,
1178,Montrose,2847,MN,Minnesota,US,United States,,
1179,Montrose,140,MS,Mississippi,US,United States,,
1180,Montrose,384,MO,Missouri,US,United States,,
1181,Montrose,2731,NY,New York,US,United States,,
1182,Montrose,1583,PA,Pennsylvania,US,United States,,
1183,Montrose,472,SD,South Dakota,US,United States,,
1184,Montrose,7993,VA,Virginia,US,United States,,
1185,Montrose,156,WV,West Virginia,US,United States,,
1186,Morgan Hill,37882,CA,California,US,United States,,
1187,Morton Grove,23270,IL,Illinois,US,United States,,
1188,Moss Landing,204,CA,California,US,United States,,
1189,Mount Dora,12370,FL,Florida,US,United States,,
1190,Nahant,3410,MA,Massachusetts,US,United States,,
1191,Needham,94,AL,Alabama,US,United States,,
1192,Needham,28886,MA,Massachusetts,US,United States,,
1193,New Brighton,21456,MN,Minnesota,US,United States,,
1194,New Brighton,6025,PA,Pennsylvania,US,United States,,
1195,New Port Richey,14911,FL,Florida,US,United States,,
1196,New Town,1925,ND,North Dakota,US,United States,,
1197,New York,8175133,NY,New York,US,United States,,
1198,Newark,1176,AR,Arkansas,US,United States,,
1199,Newark,42573,CA,California,US,United States,,
1200,Newark,31454,DE,Delaware,US,United States,,
1201,Newark,992,IL,Illinois,US,United States,,
1202,Newark,336,MD,Maryland,US,United States,,
1203,Newark,94,MO,Missouri,US,United States,,
1204,Newark,277140,NJ,New Jersey,US,United States,,
1205,Newark,9145,NY,New York,US,United States,,
1206,Newark,47573,OH,Ohio,US,United States,,
1207,Newark,1005,TX,Texas,US,United States,,
1208,Newcastle,1224,CA,California,US,United States,,
1209,Newcastle,667,ME,Maine,US,United States,,
1210,Newcastle,325,NE,Nebraska,US,United States,,
1211,Newcastle,7685,OK,Oklahoma,US,United States,,
1212,Newcastle,585,TX,Texas,US,United States,,
1213,Newcastle,247,UT,Utah,US,United States,,
1214,Newcastle,10380,WA,Washington,US,United States,,
1215,Newcastle,3532,WY,Wyoming,US,United States,,
1216,Newton,1511,AL,Alabama,US,United States,,
1217,Newton,654,GA,Georgia,US,United States,,
1218,Newton,2849,IL,Illinois,US,United States,,
1219,Newton,15254,IA,Iowa,US,United States,,
1220,Newton,19132,KS,Kansas,US,United States,,
1221,Newton,85146,MA,Massachusetts,US,United States,,
1222,Newton,3373,MS,Mississippi,US,United States,,
1223,Newton,4513,NH,New Hampshire,US,United States,,
1224,Newton,7997,NJ,New Jersey,US,United States,,
1225,Newton,12968,NC,North Carolina,US,United States,,
1226,Newton,2478,TX,Texas,US,United States,,
1227,Newton,789,UT,Utah,US,United States,,
1228,Newtown,1941,CT,Connecticut,US,United States,,
1229,Newtown,256,IN,Indiana,US,United States,,
1230,Newtown,183,MO,Missouri,US,United States,,
1231,Newtown,2672,OH,Ohio,US,United States,,
1232,Newtown,243,PA,Pennsylvania,US,United States,,
1233,Nicholls,2798,GA,Georgia,US,United States,,
1234,North Beach,269,FL,Florida,US,United States,,
1235,North Beach,1978,MD,Maryland,US,United States,,
1236,North Bergen,63484,NJ,New Jersey,US,United States,,
1237,North Shore,3094,VA,Virginia,US,United States,,
1238,Northbridge,14061,MA,Massachusetts,US,United States,,
1239,Norwood,518,CO,Colorado,US,United States,,
1240,Norwood,239,GA,Georgia,US,United States,,
1241,Norwood,478,IL,Illinois,US,United States,,
1242,Norwood,370,KY,Kentucky,US,United States,,
1243,Norwood,322,LA,Louisiana,US,United States,,
1244,Norwood,28602,MA,Massachusetts,US,United States,,
1245,Norwood,142,MI,Michigan,US,United States,,
1246,Norwood,1506,MN,Minnesota,US,United States,,
1247,Norwood,665,MO,Missouri,US,United States,,
1248,Norwood,5711,NJ,New Jersey,US,United States,,
1249,Norwood,1657,NY,New York,US,United States,,
1250,Norwood,2379,NC,North Carolina,US,United States,,
1251,Norwood,19207,OH,Ohio,US,United States,,
1252,Norwood,5890,PA,Pennsylvania,US,United States,,
1253,Oak Park,13811,CA,California,US,United States,,
1254,Oak Park,484,GA,Georgia,US,United States,,
1255,Oak Park,51878,IL,Illinois,US,United States,,
1256,Oak Park,5209,IN,Indiana,US,United States,,
1257,Oak Park,29319,MI,Michigan,US,United States,,
1258,Oldham,133,SD,South Dakota,US,United States,,
1259,Oldsmar,13591,FL,Florida,US,United States,,
1260,Osmond,783,NE,Nebraska,US,United States,,
1261,Osmond,397,WY,Wyoming,US,United States,,
1262,Paisley,818,FL,Florida,US,United States,,
1263,Paisley,243,OR,Oregon,US,United States,,
1264,Palm Harbor,57439,FL,Florida,US,United States,,
1265,Palo Alto,64403,CA,California,US,United States,,
1266,Palo Alto,1032,PA,Pennsylvania,US,United States,,
1267,Paradise,26218,CA,California,US,United States,,
1268,Paradise,49,KS,Kansas,US,United States,,
1269,Paradise,163,MT,Montana,US,United States,,
1270,Paradise,223167,NV,Nevada,US,United States,,
1271,Paradise,1129,PA,Pennsylvania,US,United States,,
1272,Paradise,441,TX,Texas,US,United States,,
1273,Paradise,904,UT,Utah,US,United States,,
1274,Paris,3532,AR,Arkansas,US,United States,,
1275,Paris,513,ID,Idaho,US,United States,,
1276,Paris,8837,IL,Illinois,US,United States,,
1277,Paris,8553,KY,Kentucky,US,United States,,
1278,Paris,5073,ME,Maine,US,United States,,
1279,Paris,1220,MO,Missouri,US,United States,,
1280,Paris,732,PA,Pennsylvania,US,United States,,
1281,Paris,10156,TN,Tennessee,US,United States,,
1282,Paris,25171,TX,Texas,US,United States,,
1283,Park,7570,IL,Illinois,US,United States,,
1284,Park,126,KS,Kansas,US,United States,,
1285,Park,537,KY,Kentucky,US,United States,,
1286,Park,983,MT,Montana,US,United States,,
1287,Park,2442,TN,Tennessee,US,United States,,
1288,Park,7558,UT,Utah,US,United States,,
1289,Parkside,2206,PA,Pennsylvania,US,United States,,
1290,Parkville,30734,MD,Maryland,US,United States,,
1291,Parkville,2525,MN,Minnesota,US,United States,,
1292,Parkville,5554,MO,Missouri,US,United States,,
1293,Parkville,6706,PA,Pennsylvania,US,United States,,
1294,Parnell,193,IA,Iowa,US,United States,,
1295,Parnell,191,MO,Missouri,US,United States,,
1296,Pasadena,137122,CA,California,US,United States,,
1297,Pasadena,24287,MD,Maryland,US,United States,,
1298,Pasadena,149043,TX,Texas,US,United States,,
1299,Passaic,34,MO,Missouri,US,United States,,
1300,Passaic,69781,NJ,New Jersey,US,United States,,
1301,Pearland,91252,TX,Texas,US,United States,,
1302,Perth,9,ND,North Dakota,US,United States,,
1303,Phoenix,1445632,AZ,Arizona,US,United States,,
1304,Phoenix,1964,IL,Illinois,US,United States,,
1305,Phoenix,2382,NY,New York,US,United States,,
1306,Phoenix,4538,OR,Oregon,US,United States,,
1307,Plains,776,GA,Georgia,US,United States,,
1308,Plains,1146,KS,Kansas,US,United States,,
1309,Plains,1048,MT,Montana,US,United States,,
1310,Plains,4335,PA,Pennsylvania,US,United States,,
1311,Plains,1481,TX,Texas,US,United States,,
1312,Plant,34721,FL,Florida,US,United States,,
1313,Pleasant Hill,33152,CA,California,US,United States,,
1314,Pleasant Hill,966,IL,Illinois,US,United States,,
1315,Pleasant Hill,8785,IA,Iowa,US,United States,,
1316,Pleasant Hill,723,LA,Louisiana,US,United States,,
1317,Pleasant Hill,8113,MO,Missouri,US,United States,,
1318,Pleasant Hill,878,NC,North Carolina,US,United States,,
1319,Pleasant Hill,1200,OH,Ohio,US,United States,,
1320,Pleasant Hill,2643,PA,Pennsylvania,US,United States,,
1321,Pleasant Hill,563,TN,Tennessee,US,United States,,
1322,Pleasant Hill,522,TX,Texas,US,United States,,
1323,Point,820,TX,Texas,US,United States,,
1324,Portsmouth,195,IA,Iowa,US,United States,,
1325,Portsmouth,20779,NH,New Hampshire,US,United States,,
1326,Portsmouth,20226,OH,Ohio,US,United States,,
1327,Portsmouth,17756,RI,Rhode Island,US,United States,,
1328,Portsmouth,95535,VA,Virginia,US,United States,,
1329,Potomac,750,IL,Illinois,US,United States,,
1330,Potomac,44965,MD,Maryland,US,United States,,
1331,Preston,5000,CT,Connecticut,US,United States,,
1332,Preston,419,GA,Georgia,US,United States,,
1333,Preston,5204,ID,Idaho,US,United States,,
1334,Preston,1012,IA,Iowa,US,United States,,
1335,Preston,158,KS,Kansas,US,United States,,
1336,Preston,719,MD,Maryland,US,United States,,
1337,Preston,1325,MN,Minnesota,US,United States,,
1338,Preston,223,MO,Missouri,US,United States,,
1339,Preston,28,NE,Nebraska,US,United States,,
1340,Preston,78,NV,Nevada,US,United States,,
1341,Preston,2096,TX,Texas,US,United States,,
1342,Prospect,9476,CT,Connecticut,US,United States,,
1343,Prospect,4698,KY,Kentucky,US,United States,,
1344,Prospect,476,LA,Louisiana,US,United States,,
1345,Prospect,667,ME,Maine,US,United States,,
1346,Prospect,291,NY,New York,US,United States,,
1347,Prospect,981,NC,North Carolina,US,United States,,
1348,Prospect,1112,OH,Ohio,US,United States,,
1349,Prospect,455,OR,Oregon,US,United States,,
1350,Prospect,1169,PA,Pennsylvania,US,United States,,
1351,Quay,44,OK,Oklahoma,US,United States,,
1352,Quincy,1728,CA,California,US,United States,,
1353,Quincy,7972,FL,Florida,US,United States,,
1354,Quincy,40633,IL,Illinois,US,United States,,
1355,Quincy,92271,MA,Massachusetts,US,United States,,
1356,Quincy,1652,MI,Michigan,US,United States,,
1357,Quincy,706,OH,Ohio,US,United States,,
1358,Quincy,6750,WA,Washington,US,United States,,
1359,Randolph,168,IA,Iowa,US,United States,,
1360,Randolph,163,KS,Kansas,US,United States,,
1361,Randolph,1772,ME,Maine,US,United States,,
1362,Randolph,32112,MA,Massachusetts,US,United States,,
1363,Randolph,436,MN,Minnesota,US,United States,,
1364,Randolph,52,MO,Missouri,US,United States,,
1365,Randolph,944,NE,Nebraska,US,United States,,
1366,Randolph,361,NH,New Hampshire,US,United States,,
1367,Randolph,1286,NY,New York,US,United States,,
1368,Randolph,464,UT,Utah,US,United States,,
1369,Randolph,1974,VT,Vermont,US,United States,,
1370,Randolph,1811,WI,Wisconsin,US,United States,,
1371,Red Hill,2383,PA,Pennsylvania,US,United States,,
1372,Red Hill,13223,SC,South Carolina,US,United States,,
1373,Redwood,76815,CA,California,US,United States,,
1374,Redwood,605,NY,New York,US,United States,,
1375,Redwood,2627,OR,Oregon,US,United States,,
1376,Redwood,4338,TX,Texas,US,United States,,
1377,Revere,51755,MA,Massachusetts,US,United States,,
1378,Revere,95,MN,Minnesota,US,United States,,
1379,Revere,79,MO,Missouri,US,United States,,
1380,Richlands,1520,NC,North Carolina,US,United States,,
1381,Richlands,5823,VA,Virginia,US,United States,,
1382,Richmond,103701,CA,California,US,United States,,
1383,Richmond,1557,IL,Illinois,US,United States,,
1384,Richmond,36812,IN,Indiana,US,United States,,
1385,Richmond,464,KS,Kansas,US,United States,,
1386,Richmond,31364,KY,Kentucky,US,United States,,
1387,Richmond,577,LA,Louisiana,US,United States,,
1388,Richmond,1760,ME,Maine,US,United States,,
1389,Richmond,1632,MA,Massachusetts,US,United States,,
1390,Richmond,5735,MI,Michigan,US,United States,,
1391,Richmond,1422,MN,Minnesota,US,United States,,
1392,Richmond,5797,MO,Missouri,US,United States,,
1393,Richmond,1147,NH,New Hampshire,US,United States,,
1394,Richmond,481,OH,Ohio,US,United States,,
1395,Richmond,11679,TX,Texas,US,United States,,
1396,Richmond,2470,UT,Utah,US,United States,,
1397,Richmond,723,VT,Vermont,US,United States,,
1398,Richmond,204214,VA,Virginia,US,United States,,
1399,Ridgewood,24958,NJ,New Jersey,US,United States,,
1400,Riverhead,13299,NY,New York,US,United States,,
1401,Rochester,3689,IL,Illinois,US,United States,,
1402,Rochester,6218,IN,Indiana,US,United States,,
1403,Rochester,133,IA,Iowa,US,United States,,
1404,Rochester,152,KY,Kentucky,US,United States,,
1405,Rochester,4661,MA,Massachusetts,US,United States,,
1406,Rochester,12711,MI,Michigan,US,United States,,
1407,Rochester,106769,MN,Minnesota,US,United States,,
1408,Rochester,29752,NH,New Hampshire,US,United States,,
1409,Rochester,210565,NY,New York,US,United States,,
1410,Rochester,182,OH,Ohio,US,United States,,
1411,Rochester,3657,PA,Pennsylvania,US,United States,,
1412,Rochester,324,TX,Texas,US,United States,,
1413,Rochester,299,VT,Vermont,US,United States,,
1414,Rochester,2388,WA,Washington,US,United States,,
1415,Rochester,3682,WI,Wisconsin,US,United States,,
1416,Rockville,43,AL,Alabama,US,United States,,
1417,Rockville,7474,CT,Connecticut,US,United States,,
1418,Rockville,2607,IN,Indiana,US,United States,,
1419,Rockville,61209,MD,Maryland,US,United States,,
1420,Rockville,2448,MN,Minnesota,US,United States,,
1421,Rockville,166,MO,Missouri,US,United States,,
1422,Rockville,106,NE,Nebraska,US,United States,,
1423,Rockville,134,SC,South Carolina,US,United States,,
1424,Rockville,245,UT,Utah,US,United States,,
1425,Rockwood,42,IL,Illinois,US,United States,,
1426,Rockwood,3289,MI,Michigan,US,United States,,
1427,Rockwood,890,PA,Pennsylvania,US,United States,,
1428,Rockwood,5562,TN,Tennessee,US,United States,,
1429,Roseville,118788,CA,California,US,United States,,
1430,Roseville,989,IL,Illinois,US,United States,,
1431,Roseville,49,IA,Iowa,US,United States,,
1432,Roseville,47299,MI,Michigan,US,United States,,
1433,Roseville,33660,MN,Minnesota,US,United States,,
1434,Roseville,1852,OH,Ohio,US,United States,,
1435,Roseville,189,PA,Pennsylvania,US,United States,,
1436,Rosharon,1152,TX,Texas,US,United States,,
1437,Royal Oak,57236,MI,Michigan,US,United States,,
1438,Ruskin,17208,FL,Florida,US,United States,,
1439,Ruskin,123,NE,Nebraska,US,United States,,
1440,Sacramento,466488,CA,California,US,United States,,
1441,Sacramento,468,KY,Kentucky,US,United States,,
1442,Sacramento,58,NM,New Mexico,US,United States,,
1443,Safety Harbor,16884,FL,Florida,US,United States,,
1444,Saint Helens,12883,OR,Oregon,US,United States,,
1445,Saint Pete Beach,9346,FL,Florida,US,United States,,
1446,Saint Petersburg,244769,FL,Florida,US,United States,,
1447,Saint Petersburg,400,PA,Pennsylvania,US,United States,,
1448,San Francisco,805235,CA,California,US,United States,,
1449,San Jose,506,AZ,Arizona,US,United States,,
1450,San Jose,945942,CA,California,US,United States,,
1451,San Jose,642,IL,Illinois,US,United States,,
1452,San Jose,137,NM,New Mexico,US,United States,,
1453,San Martin,7027,CA,California,US,United States,,
1454,Sans Souci,7869,SC,South Carolina,US,United States,,
1455,Santa Barbara,88410,CA,California,US,United States,,
1456,Santa Monica,89736,CA,California,US,United States,,
1457,Santa Monica,83,TX,Texas,US,United States,,
1458,Santa Rosa,628,AZ,Arizona,US,United States,,
1459,Santa Rosa,167815,CA,California,US,United States,,
1460,Santa Rosa,2848,NM,New Mexico,US,United States,,
1461,Santa Rosa,2873,TX,Texas,US,United States,,
1462,Saratoga,29926,CA,California,US,United States,,
1463,Saratoga,254,IN,Indiana,US,United States,,
1464,Saratoga,408,NC,North Carolina,US,United States,,
1465,Saratoga,1690,WY,Wyoming,US,United States,,
1466,Saugus,26628,MA,Massachusetts,US,United States,,
1467,Sausalito,7061,CA,California,US,United States,,
1468,Seattle,608660,WA,Washington,US,United States,,
1469,Sheffield,9039,AL,Alabama,US,United States,,
1470,Sheffield,926,IL,Illinois,US,United States,,
1471,Sheffield,1172,IA,Iowa,US,United States,,
1472,Sheffield,3393,MA,Massachusetts,US,United States,,
1473,Sheffield,3982,OH,Ohio,US,United States,,
1474,Sheffield,1132,PA,Pennsylvania,US,United States,,
1475,Sherman Oaks,52677,CA,California,US,United States,,
1476,Silver Spring,71452,MD,Maryland,US,United States,,
1477,Somerville,724,AL,Alabama,US,United States,,
1478,Somerville,293,IN,Indiana,US,United States,,
1479,Somerville,529,ME,Maine,US,United States,,
1480,Somerville,75754,MA,Massachusetts,US,United States,,
1481,Somerville,12098,NJ,New Jersey,US,United States,,
1482,Somerville,281,OH,Ohio,US,United States,,
1483,Somerville,3094,TN,Tennessee,US,United States,,
1484,Somerville,1376,TX,Texas,US,United States,,
1485,Soquel,9644,CA,California,US,United States,,
1486,South Boston,571281,MA,Massachusetts,US,United States,,
1487,South Boston,8142,VA,Virginia,US,United States,,
1488,South Pasadena,25619,CA,California,US,United States,,
1489,South Pasadena,4964,FL,Florida,US,United States,,
1490,South San Francisco,63632,CA,California,US,United States,,
1491,Southport,1585,CT,Connecticut,US,United States,,
1492,Southport,1712,IN,Indiana,US,United States,,
1493,Southport,711,ME,Maine,US,United States,,
1494,Southport,7238,NY,New York,US,United States,,
1495,Southport,2833,NC,North Carolina,US,United States,,
1496,Spring,3323,PA,Pennsylvania,US,United States,,
1497,Spring,1981,TN,Tennessee,US,United States,,
1498,Spring,54298,TX,Texas,US,United States,,
1499,Spring,988,UT,Utah,US,United States,,
1500,Stafford,12029,CT,Connecticut,US,United States,,
1501,Stafford,1042,KS,Kansas,US,United States,,
1502,Stafford,81,OH,Ohio,US,United States,,
1503,Stafford,1577,OR,Oregon,US,United States,,
1504,Stafford,17693,TX,Texas,US,United States,,
1505,Stirling,295,CA,California,US,United States,,
1506,Stockport,296,IA,Iowa,US,United States,,
1507,Stockport,503,OH,Ohio,US,United States,,
1508,Stoneham,21437,MA,Massachusetts,US,United States,,
1509,Subiaco,572,AR,Arkansas,US,United States,,
1510,Sugar Land,78817,TX,Texas,US,United States,,
1511,Sun Center,19258,FL,Florida,US,United States,,
1512,Sunnyside,4235,CA,California,US,United States,,
1513,Sunnyside,1303,GA,Georgia,US,United States,,
1514,Sunnyside,6791,OR,Oregon,US,United States,,
1515,Sunnyside,377,UT,Utah,US,United States,,
1516,Sunnyside,15858,WA,Washington,US,United States,,
1517,Sunnyvale,140081,CA,California,US,United States,,
1518,Sunnyvale,5130,TX,Texas,US,United States,,
1519,Sunol,913,CA,California,US,United States,,
1520,Sunol,73,NE,Nebraska,US,United States,,
1521,Sutton,9215,MA,Massachusetts,US,United States,,
1522,Sutton,1502,NE,Nebraska,US,United States,,
1523,Sutton,1644,NH,New Hampshire,US,United States,,
1524,Sutton,17,ND,North Dakota,US,United States,,
1525,Sutton,994,WV,West Virginia,US,United States,,
1526,Takoma Park,16715,MD,Maryland,US,United States,,
1527,Tampa,335709,FL,Florida,US,United States,,
1528,Tampa,112,KS,Kansas,US,United States,,
1529,Tarpon Springs,23484,FL,Florida,US,United States,,
1530,Tempe,161719,AZ,Arizona,US,United States,,
1531,Tierra Verde,3721,FL,Florida,US,United States,,
1532,Torrance,145438,CA,California,US,United States,,
1533,Trafford,646,AL,Alabama,US,United States,,
1534,Trafford,3174,PA,Pennsylvania,US,United States,,
1535,Trenton,1999,FL,Florida,US,United States,,
1536,Trenton,2301,GA,Georgia,US,United States,,
1537,Trenton,2715,IL,Illinois,US,United States,,
1538,Trenton,384,KY,Kentucky,US,United States,,
1539,Trenton,1424,ME,Maine,US,United States,,
1540,Trenton,18853,MI,Michigan,US,United States,,
1541,Trenton,6001,MO,Missouri,US,United States,,
1542,Trenton,560,NE,Nebraska,US,United States,,
1543,Trenton,84913,NJ,New Jersey,US,United States,,
1544,Trenton,287,NC,North Carolina,US,United States,,
1545,Trenton,11869,OH,Ohio,US,United States,,
1546,Trenton,196,SC,South Carolina,US,United States,,
1547,Trenton,4264,TN,Tennessee,US,United States,,
1548,Trenton,635,TX,Texas,US,United States,,
1549,Trenton,464,UT,Utah,US,United States,,
1550,Troy,18033,AL,Alabama,US,United States,,
1551,Troy,862,ID,Idaho,US,United States,,
1552,Troy,9888,IL,Illinois,US,United States,,
1553,Troy,385,IN,Indiana,US,United States,,
1554,Troy,1010,KS,Kansas,US,United States,,
1555,Troy,1001,ME,Maine,US,United States,,
1556,Troy,80980,MI,Michigan,US,United States,,
1557,Troy,10540,MO,Missouri,US,United States,,
1558,Troy,938,MT,Montana,US,United States,,
1559,Troy,1221,NH,New Hampshire,US,United States,,
1560,Troy,50129,NY,New York,US,United States,,
1561,Troy,3189,NC,North Carolina,US,United States,,
1562,Troy,25058,OH,Ohio,US,United States,,
1563,Troy,1354,PA,Pennsylvania,US,United States,,
1564,Troy,93,SC,South Carolina,US,United States,,
1565,Troy,1371,TN,Tennessee,US,United States,,
1566,Troy,1645,TX,Texas,US,United States,,
1567,Troy,243,VT,Vermont,US,United States,,
1568,Tukwila,19107,WA,Washington,US,United States,,
1569,Universal,105000,CA,California,US,United States,,
1570,Universal,362,IN,Indiana,US,United States,,
1571,Universal,18530,TX,Texas,US,United States,,
1572,Upper Marlboro,631,MD,Maryland,US,United States,,
1573,Valley,9524,AL,Alabama,US,United States,,
1574,Valley,13,IL,Illinois,US,United States,,
1575,Valley,1875,NE,Nebraska,US,United States,,
1576,Valley,6585,ND,North Dakota,US,United States,,
1577,Valley,146,WA,Washington,US,United States,,
1578,Valrico,35545,FL,Florida,US,United States,,
1579,Venice,20748,FL,Florida,US,United States,,
1580,Venice,1890,IL,Illinois,US,United States,,
1581,Venice,202,LA,Louisiana,US,United States,,
1582,Venice,75,NE,Nebraska,US,United States,,
1583,Versailles,478,IL,Illinois,US,United States,,
1584,Versailles,2113,IN,Indiana,US,United States,,
1585,Versailles,8568,KY,Kentucky,US,United States,,
1586,Versailles,2482,MO,Missouri,US,United States,,
1587,Versailles,2687,OH,Ohio,US,United States,,
1588,Versailles,1515,PA,Pennsylvania,US,United States,,
1589,Wakefield,980,KS,Kansas,US,United States,,
1590,Wakefield,24932,MA,Massachusetts,US,United States,,
1591,Wakefield,1851,MI,Michigan,US,United States,,
1592,Wakefield,1451,NE,Nebraska,US,United States,,
1593,Wakefield,4705,NH,New Hampshire,US,United States,,
1594,Wakefield,609,PA,Pennsylvania,US,United States,,
1595,Wakefield,927,VA,Virginia,US,United States,,
1596,Walkerville,247,MI,Michigan,US,United States,,
1597,Walkerville,675,MT,Montana,US,United States,,
1598,Waltham,318,ME,Maine,US,United States,,
1599,Waltham,60632,MA,Massachusetts,US,United States,,
1600,Waltham,151,MN,Minnesota,US,United States,,
1601,Warren,6003,AR,Arkansas,US,United States,,
1602,Warren,1428,IL,Illinois,US,United States,,
1603,Warren,1239,IN,Indiana,US,United States,,
1604,Warren,3945,ME,Maine,US,United States,,
1605,Warren,1405,MA,Massachusetts,US,United States,,
1606,Warren,134056,MI,Michigan,US,United States,,
1607,Warren,1563,MN,Minnesota,US,United States,,
1608,Warren,930,NH,New Hampshire,US,United States,,
1609,Warren,41557,OH,Ohio,US,United States,,
1610,Warren,1787,OR,Oregon,US,United States,,
1611,Warren,9710,PA,Pennsylvania,US,United States,,
1612,Warren,11280,RI,Rhode Island,US,United States,,
1613,Warren,298,TX,Texas,US,United States,,
1614,Warrington,14531,FL,Florida,US,United States,,
1615,Waterford,8456,CA,California,US,United States,,
1616,Waterford,75737,MI,Michigan,US,United States,,
1617,Waterford,1990,NY,New York,US,United States,,
1618,Waterford,450,OH,Ohio,US,United States,,
1619,Waterford,1460,PA,Pennsylvania,US,United States,,
1620,Waterford,5368,WI,Wisconsin,US,United States,,
1621,Waterloo,203,AL,Alabama,US,United States,,
1622,Waterloo,572,CA,California,US,United States,,
1623,Waterloo,9811,IL,Illinois,US,United States,,
1624,Waterloo,2209,IN,Indiana,US,United States,,
1625,Waterloo,68406,IA,Iowa,US,United States,,
1626,Waterloo,848,NE,Nebraska,US,United States,,
1627,Waterloo,5171,NY,New York,US,United States,,
1628,Waterloo,229,OR,Oregon,US,United States,,
1629,Waterloo,166,SC,South Carolina,US,United States,,
1630,Waterloo,3333,WI,Wisconsin,US,United States,,
1631,Watertown,3574,CT,Connecticut,US,United States,,
1632,Watertown,2829,FL,Florida,US,United States,,
1633,Watertown,31915,MA,Massachusetts,US,United States,,
1634,Watertown,4205,MN,Minnesota,US,United States,,
1635,Watertown,27023,NY,New York,US,United States,,
1636,Watertown,21482,SD,South Dakota,US,United States,,
1637,Watertown,1477,TN,Tennessee,US,United States,,
1638,Watertown,23861,WI,Wisconsin,US,United States,,
1639,Watson,211,AR,Arkansas,US,United States,,
1640,Watson,754,IL,Illinois,US,United States,,
1641,Watson,1047,LA,Louisiana,US,United States,,
1642,Watson,205,MN,Minnesota,US,United States,,
1643,Watson,100,MO,Missouri,US,United States,,
1644,Webster,785,FL,Florida,US,United States,,
1645,Webster,88,IA,Iowa,US,United States,,
1646,Webster,85,ME,Maine,US,United States,,
1647,Webster,11412,MA,Massachusetts,US,United States,,
1648,Webster,1682,NH,New Hampshire,US,United States,,
1649,Webster,5399,NY,New York,US,United States,,
1650,Webster,363,NC,North Carolina,US,United States,,
1651,Webster,255,PA,Pennsylvania,US,United States,,
1652,Webster,1886,SD,South Dakota,US,United States,,
1653,Webster,10400,TX,Texas,US,United States,,
1654,Webster,653,WI,Wisconsin,US,United States,,
1655,Wesley Chapel,44092,FL,Florida,US,United States,,
1656,Wesley Chapel,7463,NC,North Carolina,US,United States,,
1657,West Hollywood,34399,CA,California,US,United States,,
1658,West Orange,48131,NJ,New Jersey,US,United States,,
1659,West Orange,3443,TX,Texas,US,United States,,
1660,Weston,384,AL,Alabama,US,United States,,
1661,Weston,55,CO,Colorado,US,United States,,
1662,Weston,65333,FL,Florida,US,United States,,
1663,Weston,69,GA,Georgia,US,United States,,
1664,Weston,437,ID,Idaho,US,United States,,
1665,Weston,92,IA,Iowa,US,United States,,
1666,Weston,211,ME,Maine,US,United States,,
1667,Weston,11682,MA,Massachusetts,US,United States,,
1668,Weston,1641,MO,Missouri,US,United States,,
1669,Weston,324,NE,Nebraska,US,United States,,
1670,Weston,1235,NJ,New Jersey,US,United States,,
1671,Weston,1590,OH,Ohio,US,United States,,
1672,Weston,667,OR,Oregon,US,United States,,
1673,Weston,321,PA,Pennsylvania,US,United States,,
1674,Weston,563,TX,Texas,US,United States,,
1675,Weston,4110,WV,West Virginia,US,United States,,
1676,Weston,14868,WI,Wisconsin,US,United States,,
1677,Westwood,1647,CA,California,US,United States,,
1678,Westwood,112,IA,Iowa,US,United States,,
1679,Westwood,1506,KS,Kansas,US,United States,,
1680,Westwood,634,KY,Kentucky,US,United States,,
1681,Westwood,14029,MA,Massachusetts,US,United States,,
1682,Westwood,8653,MI,Michigan,US,United States,,
1683,Westwood,278,MO,Missouri,US,United States,,
1684,Westwood,10908,NJ,New Jersey,US,United States,,
1685,Westwood,950,PA,Pennsylvania,US,United States,,
1686,Winchester,167,AR,Arkansas,US,United States,,
1687,Winchester,2534,CA,California,US,United States,,
1688,Winchester,340,ID,Idaho,US,United States,,
1689,Winchester,1593,IL,Illinois,US,United States,,
1690,Winchester,4935,IN,Indiana,US,United States,,
1691,Winchester,551,KS,Kansas,US,United States,,
1692,Winchester,18368,KY,Kentucky,US,United States,,
1693,Winchester,21374,MA,Massachusetts,US,United States,,
1694,Winchester,1547,MO,Missouri,US,United States,,
1695,Winchester,27978,NV,Nevada,US,United States,,
1696,Winchester,1733,NH,New Hampshire,US,United States,,
1697,Winchester,1051,OH,Ohio,US,United States,,
1698,Winchester,516,OK,Oklahoma,US,United States,,
1699,Winchester,8530,TN,Tennessee,US,United States,,
1700,Winchester,26203,VA,Virginia,US,United States,,
1701,Winchester,671,WI,Wisconsin,US,United States,,
1702,Winchester,61,WY,Wyoming,US,United States,,
1703,Windsor,26801,CA,California,US,United States,,
1704,Windsor,18644,CO,Colorado,US,United States,,
1705,Windsor,1187,IL,Illinois,US,United States,,
1706,Windsor,2291,ME,Maine,US,United States,,
1707,Windsor,890,MA,Massachusetts,US,United States,,
1708,Windsor,2901,MO,Missouri,US,United States,,
1709,Windsor,916,NY,New York,US,United States,,
1710,Windsor,2192,NC,North Carolina,US,United States,,
1711,Windsor,1319,PA,Pennsylvania,US,United States,,
1712,Windsor,121,SC,South Carolina,US,United States,,
1713,Windsor,2066,VT,Vermont,US,United States,,
1714,Windsor,2626,VA,Virginia,US,United States,,
1715,Windsor,3573,WI,Wisconsin,US,United States,,
1716,Woburn,38120,MA,Massachusetts,US,United States,,
1717,Woden,229,IA,Iowa,US,United States,,
1718,Woodhaven,12875,MI,Michigan,US,United States,,
1719,Woodland Hills,696,KY,Kentucky,US,United States,,
1720,Woodland Hills,1344,UT,Utah,US,United States,,
1721,Woodside,5287,CA,California,US,United States,,
1722,Woodside,181,DE,Delaware,US,United States,,
1723,Woodside,2425,PA,Pennsylvania,US,United States,,
1724,Yorba Linda,64234,CA,California,US,United States,,
